BSU00010	dnaA
BSU00020	dnaN
BSU00030	yaaA
BSU00040	recF
BSU00050	yaaB
BSU00060	gyrB
BSU00070	gyrA
BSU_rRNA_1	rrnO-16S
BSU_tRNA_5	trnO-Ile
BSU_tRNA_6	trnO-Ala
BSU_rRNA_2	rrnO-23S
BSU_rRNA_3	rrnO-5S
BSU00080	yaaC
BSU00090	guaB
BSU00100	dacA
BSU00110	yaaD
BSU00120	yaaE
BSU00130	serS
BSU_tRNA_7	trnSL-Ser1
BSU00140	dck
BSU00150	dgk
BSU00160	yaaH
BSU00170	yaaI
BSU00180	tadA
BSU_misc_RNA_2	scr
BSU00190	dnaX
BSU00200	yaaK
BSU00210	recR
BSU00220	yaaL
BSU00230	bofA
BSU_rRNA_4	rrnA-16S
BSU_tRNA_8	trnA-Ile
BSU_tRNA_9	trnA-Ala
BSU_rRNA_5	rrnA-23S
BSU_rRNA_26	rrnA-5S
BSU00240	csfB
BSU00250	xpaC
BSU00260	yaaN
BSU00270	yaaO
BSU00280	tmk
BSU00290	yaaQ
BSU00300	yaaR
BSU00310	holB
BSU00320	yaaT
BSU00330	yabA
BSU00340	yabB
BSU00350	yazA
BSU00360	yabC
BSU00370	abrB
BSU00380	metS
BSU00390	yabD
BSU00400	yabE
BSU00410	rnmV
BSU00420	ksgA
BSU00430	yabG
BSU00440	veg
BSU00450	sspF
BSU00460	ipk
BSU00470	purR
BSU00480	yabJ
BSU00490	spoVG
BSU00500	glmU
BSU00510	prs
BSU00520	ctc
BSU00530	pth
BSU00540	yabK
BSU00550	mfd
BSU00560	spoVT
BSU00570	yabM
BSU00580	yabN
BSU00590	yabO
BSU00600	yabP
BSU00610	yabQ
BSU00620	divIC
BSU00630	yabR
BSU_tRNA_10	trnSL-Met1
BSU_tRNA_11	trnSL-Glu1
BSU00640	spoIIE
BSU00650	yabS
BSU00660	yabT
BSU00670	tilS
BSU00680	hprT
BSU00690	ftsH
BSU00700	coaX
BSU00710	hslO
BSU00720	yacD
BSU00730	cysK
BSU00740	pabB
BSU00750	pabA
BSU00760	pabC
BSU00770	sul
BSU00780	folB
BSU00790	folK
BSU00800	yazB
BSU00810	dusB
BSU00820	lysS
BSU_rRNA_6	rrnJ-16S
BSU_rRNA_7	rrnJ-23S
BSU_rRNA_8	rrnJ-5S
BSU_tRNA_12	trnJ-Val
BSU_tRNA_13	trnJ-Thr
BSU_tRNA_14	trnJ-Lys
BSU_tRNA_15	trnJ-Leu1
BSU_tRNA_16	trnJ-Gly
BSU_tRNA_17	trnJ-Leu2
BSU_tRNA_18	trnJ-Arg
BSU_tRNA_19	trnJ-Pro
BSU_tRNA_20	trnJ-Ala
BSU_rRNA_9	rrnW-16S
BSU_rRNA_10	rrnW-23S
BSU_rRNA_11	rrnW-5S
BSU00830	ctsR
BSU00840	mcsA
BSU00850	mcsB
BSU00860	clpC
BSU00870	radA
BSU00880	yacK
BSU00890	yacL
BSU00900	ispD
BSU00910	ispF
BSU00920	gltX
BSU00930	cysE
BSU00940	cysS
BSU00950	mrnC
BSU00960	rlmB
BSU00970	yacP
BSU00980	sigH
BSU00990	rpmG
BSU01000	secE
BSU01010	nusG
BSU01020	rplK
BSU01030	rplA
BSU01040	rplJ
BSU01050	rplL
BSU01060	ybxB
BSU01070	rpoB
BSU01080	rpoC
BSU01090	ybxF
BSU01100	rpsL
BSU01110	rpsG
BSU01120	fusA
BSU01130	tufA
BSU01140	ybaC
BSU01150	rpsJ
BSU01160	rplC
BSU01170	rplD
BSU01180	rplW
BSU01190	rplB
BSU01200	rpsS
BSU01210	rplV
BSU01220	rpsC
BSU01230	rplP
BSU01240	rpmC
BSU01250	rpsQ
BSU01260	rplN
BSU01270	rplX
BSU01280	rplE
BSU01290	rpsN
BSU01300	rpsH
BSU01310	rplF
BSU01320	rplR
BSU01330	rpsE
BSU01340	rpmD
BSU01350	rplO
BSU01360	secY
BSU01370	adk
BSU01380	mapA
BSU01389	ybzG
BSU01390	infA
BSU01400	rpmJ
BSU01410	rpsM
BSU01420	rpsK
BSU01430	rpoA
BSU01440	rplQ
BSU01450	cbiO
BSU01460	cbiO
BSU01470	ybaF
BSU01480	truA
BSU01490	rplM
BSU01500	rpsI
BSU01510	ybaJ
BSU01520	ybaK
BSU01530	cwlD
BSU01540	salA
BSU01550	gerD
BSU01560	kbaA
BSU01570	ybaN
BSU_rRNA_23	rrnI-16S
BSU_rRNA_14	rrnI-23S
BSU_rRNA_15	rrnI-5S
BSU_tRNA_23	trnI-Asn
BSU_tRNA_24	trnI-Thr
BSU_tRNA_25	trnI-Gly
BSU_tRNA_26	trnI-Arg
BSU_tRNA_27	trnI-Pro
BSU_tRNA_28	trnI-Ala
BSU_rRNA_16	rrnH-16S
BSU_rRNA_29	rrnH-23S
BSU_rRNA_24	rrnH-5S
BSU_rRNA_25	rrnG-16S
BSU_rRNA_27	rrnG-23S
BSU_rRNA_28	rrnG-5S
BSU01580	ybaR
BSU01590	ybaS
BSU01600	ybbA
BSU01610	feuC
BSU01620	feuB
BSU01630	feuA
BSU01640	ybbB
BSU01650	ybbC
BSU01660	ybbD
BSU01670	ybbE
BSU01680	ybbF
BSU01690	ybbH
BSU01700	murQ
BSU01710	ybbJ
BSU01720	ybbK
BSU_tRNA_75	trnSL-Glu2
BSU_tRNA_78	trnSL-Val1
BSU_tRNA_76	trnSL-Thr1
BSU_tRNA_77	trnSL-Tyr1
BSU_tRNA_74	trnSL-Gln2
BSU01730	sigW
BSU01740	rsiW
BSU01750	ybbP
BSU01760	ybbR
BSU01770	glmM
BSU01780	glmS
BSU01800	alkA
BSU01810	adaA
BSU01820	adaB
BSU01830	ndhF
BSU01845	ybcC
BSU01860	ybcF
BSU01870	ybcH
BSU01880	ybcI
BSU01889	ybzH
BSU01890	ybcL
BSU01900	ybcM
BSU01910	skfA
BSU01920	skfB
BSU01935	skfC
BSU01950	skfE
BSU01960	skfF
BSU01970	skfG
BSU01980	skfH
BSU01990	ybdG
BSU02000	ybdJ
BSU02010	ybdK
BSU02019	ybzI
BSU02030	ybdM
BSU02040	ybdN
BSU02050	ybdO
BSU02060	ybxG
BSU02070	csgA
BSU02080	ybxH
BSU02090	ybxI
BSU02100	cypC
BSU02110	ybyB
BSU02120	ybeC
BSU02130	glpQ
BSU02140	glpT
BSU02150	ybeF
BSU02160	ybfA
BSU02170	ybfB
BSU02180	ybfE
BSU02190	ybfF
BSU02200	ybfG
BSU02210	ybfH
BSU02220	ybfI
BSU02230	purT
BSU02240	mpr
BSU02250	ybfJ
BSU02260	ybfK
BSU02270	pssA
BSU02280	ybfM
BSU02290	psd
BSU02300	ybfN
BSU02310	ybfO
BSU02320	ybfP
BSU02330	ybfQ
BSU02340	gltP
BSU02350	nagP
BSU02360	nagBB
BSU02370	ybgA
BSU02380	ybgB
BSU02390	ybgE
BSU02400	ybgF
BSU02410	mmuM
BSU02420	glnT
BSU02430	ybgJ
BSU02440	glnJ
BSU02450	glnL
BSU02460	ycbC
BSU02470	ycbD
BSU02480	gudP
BSU02490	gudD
BSU02500	ycbG
BSU02510	garD
BSU02520	ycbJ
BSU02530	rtpA
BSU02540	ycbK
BSU02550	ycbL
BSU02560	ycbM
BSU02570	ycbN
BSU02580	ycbO
BSU02590	ycbP
BSU02600	cwlJ
BSU02610	ycbR
BSU02619	yczK
BSU02620	phoD
BSU02630	tatAD
BSU02640	tatCD
BSU02650	pcp
BSU02660	ycbU
BSU02670	lmrB
BSU02680	lmrA
BSU02690	ansZ
BSU02700	estA
BSU02710	yczC
BSU02720	yccF
BSU02730	natK
BSU02740	natR
BSU02750	natA
BSU02760	natB
BSU02770	yccK
BSU02780	ycdA
BSU02790	ycdB
BSU02800	ycdC
BSU02810	cwlK
BSU02820	rapJ
BSU02830	ycdF
BSU02840	ycdG
BSU02850	adcA
BSU02860	adcC
BSU02870	adcB
BSU02880	yceB
BSU02890	yceC
BSU02900	yceD
BSU02910	yceE
BSU02920	yceF
BSU02930	yceG
BSU02940	yceH
BSU02950	yceI
BSU02960	yceJ
BSU02970	yceK
BSU02980	opuAA
BSU02990	opuAB
BSU03000	opuAC
BSU03010	amhX
BSU03020	ycgA
BSU03030	ycgB
BSU03040	amyE
BSU03050	ldh
BSU03060	lctP
BSU03070	mdr
BSU03080	ycgE
BSU03090	ycgF
BSU03100	ycgG
BSU03110	ycgH
BSU03120	ycgI
BSU03130	nadE
BSU03140	tmrB
BSU03150	aroK
BSU03160	ycgJ
BSU03170	ycgK
BSU03180	cah
BSU03190	ycgL
BSU03200	ycgM
BSU03210	ycgN
BSU03220	ycgO
BSU03230	ycgP
BSU03240	ycgQ
BSU03250	ycgR
BSU03260	ycgS
BSU03270	ycgT
BSU03280	nasF
BSU03290	nasE
BSU03300	nasD
BSU03310	nasC
BSU03320	nasB
BSU03330	nasA
BSU03340	yciA
BSU03350	yciB
BSU03359	yczL
BSU03360	yciC
BSU03370	yckA
BSU03380	yckB
BSU03390	yckC
BSU03400	yckD
BSU03410	bglC
BSU03420	nin
BSU03430	nucA
BSU03440	tlpC
BSU03450	hxlB
BSU03460	hxlA
BSU03470	hxlR
BSU03480	srfAA
BSU03490	srfAB
BSU03500	comS
BSU03510	srfAC
BSU03520	srfAD
BSU03530	ycxA
BSU03540	ycxB
BSU03550	ycxC
BSU03560	ycxD
BSU03569	sfp
BSU03570	sfp
BSU03580	yczE
BSU03590	tcyC
BSU03600	tcyB
BSU03610	tcyA
BSU03620	yclA
BSU03630	yclB
BSU03640	ubiD
BSU03651	bsdD
BSU03652	yclD
BSU03660	yclE
BSU03670	dtpT
BSU03680	yclG
BSU03690	yczF
BSU03700	gerKA
BSU03710	gerKC
BSU03720	gerKB
BSU03730	yclH
BSU03740	yclI
BSU03750	yclJ
BSU03760	yclK
BSU03770	rapC
BSU03780	phrC
BSU03789	yczN
BSU03790	yclM
BSU03800	yclN
BSU03810	yclO
BSU03820	yclP
BSU03830	yclQ
BSU03840	ycnB
BSU03850	ycnC
BSU03860	ycnD
BSU03870	ycnE
BSU03880	yczG
BSU03890	gabR
BSU03900	gabT
BSU03910	gabD
BSU03920	glcU
BSU03930	gdh
BSU03940	ycnI
BSU03950	ycnJ
BSU03960	ycnK
BSU03970	ycnL
BSU03981	mtlA
BSU03982	mtlF
BSU03990	mtlD
BSU04000	ycsA
BSU04010	sipU
BSU04020	yczH
BSU04030	ycsD
BSU04039	yczO
BSU04040	ycsE
BSU04050	ycsF
BSU04060	ycsG
BSU04070	ycsI
BSU04080	kipI
BSU04090	kipA
BSU04100	kipR
BSU04110	lipC
BSU04120	yczI
BSU04130	yczJ
BSU04140	pbpC
BSU04150	ycsN
BSU04160	mtlR
BSU04170	ydaB
BSU04180	ydaC
BSU04190	ydaD
BSU04200	ydaE
BSU04210	ydaF
BSU04220	ydaG
BSU04230	ydaH
BSU04240	ydzA
BSU04250	lrpC
BSU04260	topB
BSU04270	ydaJ
BSU04280	ydaK
BSU04290	ydaL
BSU04300	ydaM
BSU04310	ydaN
BSU04320	ydaO
BSU04330	mutT
BSU04340	ydaP
BSU04359	ydzK
BSU04360	mntH
BSU04370	ydaS
BSU04380	ydaT
BSU04390	ydbA
BSU04400	gsiB
BSU04410	ydbB
BSU04420	ydbC
BSU04430	ydbD
BSU04440	dctB
BSU04450	dctS
BSU04460	dctR
BSU04470	dctP
BSU04480	ydbI
BSU04490	ydbJ
BSU04500	ydbK
BSU04510	ydbL
BSU04520	ydbM
BSU04530	ydbN
BSU04540	ydbO
BSU04550	ydbP
BSU04560	ddl
BSU04570	murF
BSU04580	cshA
BSU04590	ydbS
BSU04600	ydbT
BSU04610	ydcA
BSU04620	acpS
BSU04630	ydcC
BSU04640	alrA
BSU04650	endB
BSU04660	ndoA
BSU04670	rsbRA
BSU04680	rsbS
BSU04690	rsbT
BSU04700	rsbU
BSU04710	rsbV
BSU04720	rsbW
BSU04730	sigB
BSU04740	rsbX
BSU04750	ydcF
BSU04760	ydcG
BSU04770	ydcH
BSU04780	ydcI
BSU04790	ydcK
BSU_tRNA_45	trnS-Asn
BSU_tRNA_46	trnS-Ser
BSU_tRNA_47	trnS-Glu
BSU_tRNA_48	trnS-Gln
BSU_tRNA_49	trnS-Lys
BSU_tRNA_50	trnS-Leu1
BSU_tRNA_51	trnS-Leu2
BSU04800	ydcL
BSU04810	immA
BSU04820	immR
BSU04830	sacV
BSU04839	ydzL
BSU04840	ydcO
BSU04850	ydcP
BSU04860	ydcQ
BSU04870	ydcR
BSU04880	ydcS
BSU04890	ydcT
BSU04900	yddA
BSU04910	yddB
BSU04920	yddC
BSU04930	yddD
BSU04940	yddE
BSU04950	yddF
BSU04960	yddG
BSU04970	yddH
BSU04980	yddI
BSU04990	yddJ
BSU05000	yddK
BSU05010	rapI
BSU05020	phrI
BSU05030	yddM
BSU05040	yddN
BSU05050	lrpA
BSU05060	lrpB
BSU05070	yddQ
BSU05080	yddR
BSU05090	yddS
BSU05099	ydzM
BSU05100	yddT
BSU05109	ydzN
BSU05110	ydeA
BSU05120	cspC
BSU05130	ydeB
BSU05140	ydzE
BSU05150	ydeC
BSU05160	ydeD
BSU05170	ydeE
BSU05180	ydeF
BSU05190	ydeG
BSU05200	ydeH
BSU05210	ydeI
BSU05220	ydeJ
BSU05230	ydeK
BSU05240	ydeL
BSU05250	ydeM
BSU05260	ydeN
BSU05270	ydzF
BSU05280	ydeO
BSU05290	ydeP
BSU05300	ydeQ
BSU05310	ydeR
BSU05320	ydeS
BSU05329	ydzO
BSU05330	aseR
BSU05340	ydfA
BSU05343	ydzS
BSU05344	ydzS
BSU05350	ydfB
BSU05360	ydfC
BSU05370	ydfD
BSU05380	ydfE
BSU05390	ydfF
BSU05400	ydfG
BSU05408	ydzP
BSU05409	ydzQ
BSU05410	ydfH
BSU05420	ydfI
BSU05430	ydfJ
BSU05440	nap
BSU05450	ydfK
BSU05460	ydfL
BSU05470	ydfM
BSU05480	ydfN
BSU05490	ydfO
BSU05500	ydfP
BSU05510	ydfQ
BSU05520	ydzH
BSU05529	ydzR
BSU05530	ydfR
BSU05540	ydfS
BSU05550	cotP
BSU05560	ydgA
BSU05570	ydgB
BSU05580	ydgC
BSU05590	ydgD
BSU05600	ydgE
BSU05610	vmlR
BSU05620	ydgF
BSU05630	dinB
BSU05640	ydgG
BSU05650	ydgH
BSU05660	ydgI
BSU05670	ydgJ
BSU05680	ydgK
BSU05690	ydhB
BSU05700	ydhC
BSU05710	ydhD
BSU05720	ydhE
BSU05730	ydhF
BSU05740	phoB
BSU05750	ydhG
BSU05760	ydhH
BSU05770	ydhI
BSU05780	ydhJ
BSU05790	ydhK
BSU05800	pbuE
BSU05810	gmuB
BSU05820	gmuA
BSU05830	gmuC
BSU05840	gmuD
BSU05850	gmuR
BSU05860	gmuE
BSU05870	gmuF
BSU05880	gmuG
BSU05890	ydhU
BSU05899	ydhU
BSU_tRNA_79	trnE-Arg
BSU_tRNA_80	trnE-Gly
BSU_rRNA_30	rrnE-16S
BSU_rRNA_12	rrnE-23S
BSU_rRNA_13	rrnE-5S
BSU_tRNA_21	trnE-Met
BSU_tRNA_22	trnE-Asp
BSU05900	thiL
BSU05910	ydiB
BSU05920	ydiC
BSU05930	rimI
BSU05940	gcp
BSU05950	ydiF
BSU05960	moaC
BSU05970	ydiH
BSU05980	tatAY
BSU05990	tatCY
BSU06000	ydiK
BSU06010	ydiL
BSU06020	groES
BSU06030	groEL
BSU06033	ydzT
BSU06034	ydzT
BSU06036	ydzT
BSU06037	ydzT
BSU06038	ydzT
BSU06040	ydiM
BSU06048	ydzU
BSU06049	ydzV
BSU06060	ydiO
BSU06070	ydiP
BSU06073	ydzW
BSU06074	ydzW
BSU06076	ydzW
BSU06077	ydzW
BSU06078	ydzW
BSU06079	ydzW
BSU06083	ydzW
BSU06090	ydiR
BSU06100	ydiS
BSU06110	ydjA
BSU06120	ydjB
BSU06130	ydjC
BSU06140	gutR
BSU06150	gutB
BSU06160	gutP
BSU06170	ydjE
BSU06180	pspA
BSU06190	ydjG
BSU06200	ydjH
BSU06210	ydjI
BSU06220	ydjJ
BSU06230	iolT
BSU06240	bdhA
BSU06250	ydjM
BSU06260	ydjN
BSU06269	ydzJ
BSU06270	ydjO
BSU06280	ydjP
BSU06290	yeaA
BSU06300	cotA
BSU06310	gabP
BSU06319	ydzX
BSU06320	yeaB
BSU06330	yeaC
BSU06340	yeaD
BSU06350	yebA
BSU06360	guaA
BSU06370	pbuG
BSU06380	yebC
BSU06390	yebD
BSU06400	yebE
BSU06410	yebG
BSU06420	purE
BSU06430	purK
BSU06440	purB
BSU06450	purC
BSU06460	purS
BSU06470	purQ
BSU06480	purL
BSU06490	purF
BSU06500	purM
BSU06510	purN
BSU06520	purH
BSU06530	purD
BSU06540	yezC
BSU06550	yecA
BSU06559	yezF
BSU06560	yerA
BSU06570	yerB
BSU06580	yerC
BSU06590	yerD
BSU06600	pcrB
BSU06610	pcrA
BSU06620	ligA
BSU06630	yerH
BSU06640	yerI
BSU06650	sapB
BSU06660	opuE
BSU06670	gatC
BSU06680	gatA
BSU06690	gatB
BSU06700	yerO
BSU06710	swrC
BSU06720	yerQ
BSU06730	yefA
BSU06740	yefB
BSU06750	yefC
BSU06760	yeeA
BSU06770	yeeB
BSU06780	yeeC
BSU06790	yeeD
BSU06800	yezA
BSU06811	yezG
BSU06812	yeeF
BSU06820	yeeG
BSU06830	rapH
BSU06839	phrH
BSU06840	yeeI
BSU06850	yeeK
BSU06860	yezE
BSU06870	yesE
BSU06880	yesF
BSU06890	cotJA
BSU06900	cotJB
BSU06910	cotJC
BSU06920	yesJ
BSU06930	yesK
BSU06940	yesL
BSU06950	yesM
BSU06960	yesN
BSU06970	yesO
BSU06980	yesP
BSU06990	yesQ
BSU07000	yesR
BSU07010	yesS
BSU07020	rhgT
BSU07030	yesU
BSU07040	yesV
BSU07050	yesW
BSU07060	yesX
BSU07070	yesY
BSU07080	yesZ
BSU07090	yetA
BSU07100	lplA
BSU07110	lplB
BSU07120	lplC
BSU07130	lplD
BSU07140	yetF
BSU07150	yetG
BSU07160	yetH
BSU07170	yetI
BSU07180	yetI
BSU07190	yezD
BSU07200	yetJ
BSU07210	yetK
BSU07220	yetL
BSU07230	yetM
BSU07240	yetN
BSU07250	yetO
BSU07260	ltaSA
BSU07270	yfnH
BSU07280	yfnG
BSU07290	yfnF
BSU07300	yfnE
BSU07310	yfnD
BSU07320	yfnC
BSU07330	yfnB
BSU07340	yfnA
BSU07350	yfmT
BSU07360	yfmS
BSU07370	yfmR
BSU07380	yfmQ
BSU07390	yfmP
BSU07400	yfmO
BSU07410	yfmN
BSU07420	yfmM
BSU07430	yfmL
BSU07440	yfmK
BSU07450	yfmJ
BSU07460	yfmI
BSU07480	yfmG
BSU07490	yfmF
BSU07500	yfmE
BSU07510	yfmD
BSU07520	yfmC
BSU07530	yfmB
BSU07540	yfmA
BSU07550	yflT
BSU07560	pel
BSU07570	yflS
BSU07580	citS
BSU07590	citT
BSU07600	yflP
BSU07610	citM
BSU07620	yflN
BSU07630	nosA
BSU07640	yflL
BSU07650	yflK
BSU07660	yflJ
BSU07670	yflI
BSU07680	yflH
BSU07690	yflG
BSU07700	nagP
BSU07710	yflE
BSU07720	yflD
BSU07735	yflB
BSU07750	yflA
BSU07760	yfkT
BSU07770	yfkS
BSU07780	yfkR
BSU07790	yfkQ
BSU07800	treP
BSU07810	treA
BSU07820	treR
BSU07830	yfkO
BSU07840	yfkN
BSU07850	yfkM
BSU07860	yfkL
BSU07870	yfkK
BSU07880	yfkJ
BSU07890	yfkI
BSU07900	yfkH
BSU07910	yfkF
BSU07920	yfkE
BSU07930	yfkD
BSU07940	yfkC
BSU07955	yfkA
BSU07970	yfjT
BSU07980	pdaA
BSU07990	yfjR
BSU08000	yfjQ
BSU08010	yfjP
BSU08020	yfjO
BSU08029	yfzA
BSU08030	dusC
BSU08040	yfjM
BSU08050	yfjL
BSU08060	acoA
BSU08070	acoB
BSU08080	acoC
BSU08090	acoL
BSU08100	acoR
BSU08110	sspH
BSU08120	yfjF
BSU08130	yfjE
BSU08140	yfjD
BSU08150	yfjC
BSU08160	yfjB
BSU08170	yfjA
BSU08180	malA
BSU08190	malR
BSU08200	malP
BSU08210	malQ
BSU08220	yfiC
BSU08230	catD
BSU08240	catE
BSU08250	yfiF
BSU08260	yfiG
BSU08270	yfiH
BSU08280	yfiI
BSU08290	yfiJ
BSU08300	yfiK
BSU08310	yfiL
BSU08320	yfiM
BSU08330	yfiN
BSU08340	padR
BSU08350	estB
BSU08360	yfiQ
BSU08370	yfiR
BSU08380	yfiS
BSU08390	yfiT
BSU08400	yfiU
BSU08410	yfiV
BSU08425	mprF
BSU08440	yfiY
BSU08450	yfiZ
BSU08460	yfhA
BSU08470	yfhB
BSU08480	yfhC
BSU08490	yfhD
BSU08500	yfhE
BSU08510	yfhF
BSU08520	recX
BSU08530	yfhH
BSU08540	yfhI
BSU08550	sspK
BSU08560	yfhJ
BSU08570	yfhK
BSU08580	yfhL
BSU08590	yfhM
BSU08600	csbB
BSU08610	yfhO
BSU08620	yfhP
BSU08630	yfhQ
BSU08640	yfhS
BSU08650	fabL
BSU08660	sspE
BSU08670	ygaB
BSU08680	ygaC
BSU08690	ygaD
BSU08700	ygaE
BSU08710	gsaB
BSU08720	ygaF
BSU08730	perR
BSU08740	ygzB
BSU08750	ygxA
BSU_rRNA_22	rrnD-16S
BSU_rRNA_17	rrnD-23S
BSU_rRNA_18	rrnD-5S
BSU_tRNA_29	trnD-Asn
BSU_tRNA_30	trnD-Ser
BSU_tRNA_31	trnD-Glu
BSU_tRNA_32	trnD-Val
BSU_tRNA_33	trnD-Met
BSU_tRNA_34	trnD-Asp
BSU_tRNA_35	trnD-Phe
BSU_tRNA_36	trnD-Thr
BSU_tRNA_37	trnD-Tyr
BSU_tRNA_38	trnD-Trp
BSU_tRNA_39	trnD-His
BSU_tRNA_40	trnD-Gln
BSU_tRNA_41	trnD-Gly
BSU_tRNA_42	trnD-Cys
BSU_tRNA_43	trnD-Leu1
BSU_tRNA_44	trnD-Leu2
BSU08760	spo0M
BSU08770	ygzA
BSU08779	ygzC
BSU08780	ygaJ
BSU08790	thiC
BSU08800	ygaK
BSU08810	senS
BSU08820	katA
BSU08830	ssuB
BSU08840	ssuA
BSU08850	ssuC
BSU08860	ssuD
BSU08870	ygaN
BSU08880	rpsN
BSU08890	ygaO
BSU08899	ygzD
BSU_tRNA_82	trnSL-Gly1
BSU08900	yhzB
BSU08910	yhbA
BSU08920	yhbB
BSU08930	cspR
BSU08940	yhbD
BSU08950	yhbE
BSU08960	yhbF
BSU08970	prkA
BSU08980	yhbH
BSU08990	yhbI
BSU09000	yhbJ
BSU09010	yhcA
BSU09020	yhcB
BSU09030	yhcC
BSU09040	yhcD
BSU09050	yhcE
BSU09060	yhcF
BSU09070	yhcG
BSU09080	yhcH
BSU09090	yhcI
BSU09100	cspB
BSU09110	yhcJ
BSU09120	dgcK
BSU09130	tcyP
BSU09140	yhcM
BSU09150	yhcN
BSU09165	yhcO
BSU09180	yhcQ
BSU09190	yhcR
BSU09200	yhcS
BSU09210	yhcT
BSU09220	yhcU
BSU09230	yhcV
BSU09240	yhcW
BSU09250	yhcX
BSU09259	yhzG
BSU09260	yhxA
BSU09270	glpP
BSU09280	glpF
BSU09290	glpK
BSU09300	glpD
BSU09310	pgcA
BSU09320	yhcY
BSU09330	yhcZ
BSU09340	yhdA
BSU09350	yhdB
BSU09360	yhdC
BSU09370	lytF
BSU09380	nsrR
BSU09390	ygxB
BSU09400	spoVR
BSU09410	phoA
BSU09420	lytE
BSU09430	citR
BSU09440	citA
BSU09450	yhdF
BSU09460	ctrA
BSU09470	yhdH
BSU09480	yhdI
BSU09490	yhdJ
BSU09500	yhdK
BSU09510	yhdL
BSU09520	sigM
BSU09530	yhdN
BSU09540	plsC
BSU09550	yhdP
BSU09560	cueR
BSU09570	yhdR
BSU09590	yhdT
BSU09600	crcBA
BSU09610	yhdV
BSU09620	yhdW
BSU09630	yhdX
BSU09640	yhdY
BSU09650	yhdZ
BSU09660	yheN
BSU09670	dat
BSU09680	nhaC
BSU09690	nhaX
BSU09700	yheJ
BSU09710	yheI
BSU09720	yheH
BSU09730	yheG
BSU09740	yheF
BSU09750	sspB
BSU09760	yheE
BSU09770	yheD
BSU09780	yheC
BSU09790	yheB
BSU09800	yheA
BSU09810	yhaZ
BSU09830	yhaX
BSU09840	hemZ
BSU09850	yhaU
BSU09860	khtT
BSU09870	khtS
BSU09880	yhaR
BSU09889	yhzD
BSU09890	natA
BSU09900	natB
BSU09910	yhaO
BSU09920	yhaN
BSU09930	yhaM
BSU09940	yhaL
BSU09950	prsA
BSU09958	yhzE
BSU09965	yhaJ
BSU09980	yhaI
BSU09990	hpr
BSU10000	yhaH
BSU10009	yhzF
BSU10010	trpP
BSU10020	serC
BSU10030	hinT
BSU10040	ecsA
BSU10050	ecsB
BSU10060	ecsC
BSU10070	yhaA
BSU10080	yhfA
BSU10090	yhgB
BSU10100	yhgC
BSU10110	pbpF
BSU10120	hemE
BSU10130	hemH
BSU10140	hemY
BSU10150	yhgD
BSU10160	yhgE
BSU10170	fabHB
BSU10180	yhfC
BSU10200	yhfE
BSU10210	yhfF
BSU10220	gltT
BSU10230	yhfH
BSU10240	yhfI
BSU10250	yhfJ
BSU10260	yhfK
BSU10270	yhfL
BSU10280	yhfM
BSU10290	yhfN
BSU10300	aprE
BSU10310	yhfO
BSU10320	yhfP
BSU10330	yhfQ
BSU10340	phoE
BSU10350	yhfS
BSU10360	yhfT
BSU10370	bioY
BSU10380	hemAT
BSU10390	yhfW
BSU10400	yhxC
BSU10410	yhzC
BSU10420	comK
BSU10430	yhxD
BSU10440	yhjA
BSU10450	yhjB
BSU10460	yhjC
BSU10470	yhjD
BSU10480	yhjE
BSU10490	sipV
BSU10500	yhjG
BSU10510	yhjH
BSU10520	glcP
BSU10530	ntdC
BSU10540	ntdB
BSU10550	ntdA
BSU10560	yhjM
BSU10570	yhjN
BSU10580	yhjO
BSU10590	yhjP
BSU10600	yhjQ
BSU10610	yhjR
BSU10620	addB
BSU10630	addA
BSU10640	sbcD
BSU10650	sbcC
BSU10660	yisB
BSU10670	gerPF
BSU10680	gerPE
BSU10690	gerPD
BSU10700	gerPC
BSU10710	gerPB
BSU10720	gerPA
BSU10730	yisI
BSU10740	yisJ
BSU10750	yisK
BSU10760	yisL
BSU10770	wprA
BSU10780	yisN
BSU10790	asnO
BSU10800	yizA
BSU10810	yisP
BSU10820	yisQ
BSU10830	yisR
BSU10840	degA
BSU10850	yisS
BSU10860	yisT
BSU10870	yisU
BSU10880	yisV
BSU10890	yisX
BSU10900	yisY
BSU10910	yisZ
BSU10920	sat
BSU10930	yitB
BSU10940	yitC
BSU10950	yitD
BSU10960	yitE
BSU10970	yitF
BSU10980	yitG
BSU10990	yitH
BSU11000	yitI
BSU11010	yitJ
BSU11020	yitK
BSU11030	yitL
BSU11040	yitM
BSU11055	yitO
BSU11070	yitP
BSU11079	yizB
BSU11080	yitQ
BSU11090	yitR
BSU11100	nprB
BSU11110	yitS
BSU11120	yitT
BSU11130	ipi
BSU11139	yizC
BSU11140	yitU
BSU11150	yitV
BSU11160	yitW
BSU11170	yitY
BSU11180	yitZ
BSU11190	argC
BSU11200	argJ
BSU11210	argB
BSU11220	argD
BSU11230	carA
BSU11240	carB
BSU11250	argF
BSU11260	yjzC
BSU11270	yjzD
BSU11280	yjaU
BSU11290	yjaV
BSU11300	med
BSU11310	comZ
BSU11320	yjzB
BSU11330	fabHA
BSU11340	fabF
BSU11350	yjaZ
BSU11360	appD
BSU11370	appF
BSU11381	appA
BSU11382	appA
BSU11390	appB
BSU11400	appC
BSU11410	yjbA
BSU11420	trpS
BSU11430	oppA
BSU11440	oppB
BSU11450	oppC
BSU11460	oppD
BSU11470	oppF
BSU11480	yjbB
BSU11490	yjbC
BSU11500	spxA
BSU11510	yjbE
BSU11520	mecA
BSU11530	coiA
BSU11540	pepF
BSU11549	yizD
BSU11550	yjbH
BSU11560	yjbI
BSU11570	yjbJ
BSU11580	yjbK
BSU11590	yjbL
BSU11600	yjbM
BSU11610	ppnK
BSU11620	yjbO
BSU11630	yjbP
BSU11640	yjbQ
BSU11650	tenA
BSU11660	tenI
BSU11670	thiO
BSU11680	thiS
BSU11690	thiG
BSU11700	thiF
BSU11710	yjbV
BSU11720	fabI
BSU11730	cotO
BSU11740	cotZ
BSU11750	cotY
BSU11760	cotX
BSU11770	cotW
BSU11780	cotV
BSU11790	yjcA
BSU11799	yjzK
BSU11809	yjcZ
BSU11810	spoVIF
BSU11820	yjcD
BSU11839	yjzE
BSU11840	yjcF
BSU11850	yjcG
BSU11860	yjcH
BSU11870	yjcI
BSU11880	yjcJ
BSU11890	yjcK
BSU11900	yjcL
BSU_tRNA_83	trnSL-Val2
BSU11910	yjcM
BSU11920	yjcN
BSU11928	yjzF
BSU11929	yjzG
BSU11930	yjcO
BSU11940	yjcP
BSU11950	yjcQ
BSU11960	yjcR
BSU11970	yjcS
BSU11980	yjdA
BSU11990	yjdB
BSU12000	manR
BSU12010	manP
BSU12020	manA
BSU12030	yjdF
BSU12040	yjdG
BSU12050	yjdH
BSU12060	yjdI
BSU12069	yjzH
BSU12070	yjdJ
BSU12080	ctaO
BSU12090	cotT
BSU12100	yjeA
BSU12110	yjfA
BSU12120	yjfB
BSU12130	yjfC
BSU12140	yjgA
BSU12150	yjgB
BSU12160	yjgC
BSU12170	yjgD
BSU12180	yjhA
BSU12190	yjhB
BSU12200	yjiA
BSU12210	yjiB
BSU12220	yjiC
BSU12229	yjzI
BSU12230	hemD
BSU12240	yjkA
BSU12250	yjkB
BSU12260	yjlA
BSU12270	yjlB
BSU12280	rex
BSU12290	ndh
BSU12300	uxaC
BSU12310	exuM
BSU12320	yjmC
BSU12330	yjmD
BSU12340	uxuA
BSU12350	yjmF
BSU12360	exuT
BSU12370	exuR
BSU12380	uxaB
BSU12390	uxaA
BSU12400	yjnA
BSU12410	yjoA
BSU12420	yjoB
BSU12430	rapA
BSU12440	phrA
BSU12450	yjpA
BSU12460	xlyB
BSU12470	yjqA
BSU12480	yjqB
BSU12490	yjqC
BSU12500	xkdA
BSU12510	xre
BSU12519	yjzJ
BSU12520	xkdB
BSU12530	xkdC
BSU12539	ykzK
BSU12540	xkdD
BSU12550	xtrA
BSU12560	xpf
BSU12570	xtmA
BSU12580	xtmB
BSU12590	xkdE
BSU12600	xkdF
BSU12610	xkdG
BSU12619	ykzL
BSU12620	xkdH
BSU12630	xkdI
BSU12640	xkdJ
BSU12649	ykzM
BSU12650	xkdK
BSU12660	xkdM
BSU12671	xkdN
BSU12672	xkzB
BSU12680	xkdO
BSU12690	xkdP
BSU12700	xkdQ
BSU12710	xkdR
BSU12720	xkdS
BSU12730	xkdT
BSU12740	xkdU
BSU12749	xkzA
BSU12750	xkdV
BSU12760	xkdW
BSU12770	xkdX
BSU12780	xepA
BSU12790	xhlA
BSU12800	xhlB
BSU12810	xlyA
BSU12820	spoIISB
BSU12830	spoIISA
BSU12840	pit
BSU12850	ykaA
BSU12860	ykbA
BSU12870	mhqA
BSU12880	ykcB
BSU12890	ykcC
BSU12900	htrA
BSU12910	proG
BSU12920	dppA
BSU12930	dppB
BSU12940	dppC
BSU12950	dppD
BSU12960	dppE
BSU12970	ykfA
BSU12980	ykfB
BSU12990	ykfC
BSU13000	ykfD
BSU13010	ykgB
BSU13020	ykgA
BSU13030	ykhA
BSU13040	hmp
BSU13050	ykzH
BSU13060	ykjA
BSU13070	ykkA
BSU13080	ykkB
BSU13090	ykkC
BSU13100	ykkD
BSU13110	purU
BSU13120	proB
BSU13130	proA
BSU13140	ohrA
BSU13150	ohrR
BSU13160	ohrB
BSU13169	ykzN
BSU13170	guaD
BSU13180	metE
BSU13190	ispA
BSU13200	rsbRB
BSU13210	thiX
BSU13220	thiW
BSU13230	thiV
BSU13240	thiU
BSU13250	ykoG
BSU13260	ykoH
BSU13270	ykoI
BSU13280	ykoJ
BSU13290	ykzD
BSU13299	ykzO
BSU13300	mgtE
BSU13310	tnrA
BSU13320	ykzB
BSU13330	ykoL
BSU13340	ykoM
BSU13350	ykoN
BSU13360	ykoP
BSU13370	ykoQ
BSU13380	ykoS
BSU13390	ykoT
BSU13400	ligD
BSU13410	ykoV
BSU13420	dgcW
BSU13430	ykoX
BSU13440	ykoY
BSU13450	sigI
BSU13460	rsgI
BSU13470	sspD
BSU13480	ykrK
BSU13490	ykrL
BSU13500	ktrD
BSU13509	ykzP
BSU13510	ykzE
BSU13520	ykrP
BSU13530	kinE
BSU13540	ogt
BSU13550	mtnA
BSU13560	mtnK
BSU13570	mtnU
BSU13580	ykrV
BSU13590	mtnW
BSU13600	mtnX
BSU13610	mtnB
BSU13620	mtnD
BSU13630	ykvA
BSU13640	spo0E
BSU13650	eag
BSU13660	kinD
BSU13670	mhqR
BSU13680	motB
BSU13690	motA
BSU13700	clpE
BSU13710	ykvI
BSU13720	queC
BSU13730	queD
BSU13740	queE
BSU13750	ykvM
BSU13760	ykvN
BSU13770	ykvO
BSU13780	ykvP
BSU13789	ykzQ
BSU13790	ykvQ
BSU13799	ykzR
BSU13800	ykvR
BSU13810	ykvS
BSU13819	ykzS
BSU13820	ykvT
BSU13830	ykvU
BSU13840	stoA
BSU13850	zosA
BSU13860	ykvY
BSU13870	ykvZ
BSU13880	glcT
BSU13890	ptsG
BSU13900	ptsH
BSU13910	ptsI
BSU13920	splA
BSU13930	splB
BSU13940	ykwB
BSU13950	mcpC
BSU13960	ykwC
BSU13970	ykwD
BSU13980	pbpH
BSU13990	kinA
BSU14000	patA
BSU14009	ykzT
BSU14010	cheV
BSU14020	ykyB
BSU14030	ykuC
BSU14040	ykuD
BSU14050	ykuE
BSU14060	ykuF
BSU14071	fadG
BSU14072	ykzU
BSU14080	ykuH
BSU14090	ykuI
BSU14100	ykuJ
BSU14110	ykuK
BSU14120	ykzF
BSU14130	ykuL
BSU14140	ccpC
BSU14150	ykuN
BSU14160	ykuO
BSU14170	ykuP
BSU14180	dapH
BSU14190	dapL
BSU14200	ykuS
BSU14210	ykuT
BSU14220	ykuU
BSU14230	ykuV
BSU14240	rok
BSU14250	yknT
BSU14260	mobA
BSU14270	moeB
BSU14280	moeA
BSU14290	mobB
BSU14300	moaE
BSU14310	moaD
BSU14320	yknU
BSU14330	yknV
BSU14340	yknW
BSU14350	yknX
BSU14360	yknY
BSU14370	yknZ
BSU14380	fruR
BSU14390	fruK
BSU14400	fruA
BSU14410	sipT
BSU14420	ykoA
BSU14430	ykpA
BSU14440	ykpB
BSU14450	ampS
BSU14460	ykpC
BSU14470	mreBH
BSU14480	abh
BSU14490	kinC
BSU14500	ykqA
BSU14510	ktrC
BSU14520	adeC
BSU14530	rnjA
BSU14540	ykzG
BSU14550	ykrA
BSU14560	def
BSU14569	ykzV
BSU14570	ykyA
BSU14580	pdhA
BSU14590	pdhB
BSU14600	pdhC
BSU14610	pdhD
BSU14620	slp
BSU14629	ykzW
BSU14630	speA
BSU14640	yktA
BSU14650	yktB
BSU14660	ykzI
BSU14670	suhB
BSU14680	ykzC
BSU14690	yktD
BSU14700	nprE
BSU14710	ylaA
BSU14720	ylaB
BSU14730	ylaC
BSU14740	ylaD
BSU14750	ylaE
BSU14760	ylaF
BSU14770	bipA
BSU14780	ylaH
BSU14790	ylaI
BSU14800	ylaJ
BSU14810	ylaK
BSU14820	ylaL
BSU14830	ylaM
BSU14840	ylaN
BSU14850	ftsW
BSU14860	pycA
BSU14870	ctaA
BSU14880	ctaB
BSU14890	ctaC
BSU14900	ctaD
BSU14910	ctaE
BSU14920	ctaF
BSU14930	ctaG
BSU14940	ylbA
BSU14950	ylbB
BSU14960	ylbC
BSU14970	ylbD
BSU14980	ylbE
BSU14990	ylbF
BSU15000	ylbG
BSU15010	ylbH
BSU15020	coaD
BSU15030	ylbJ
BSU15040	ylbK
BSU15050	ylbL
BSU15060	ylbM
BSU15069	ylzH
BSU15070	ylbN
BSU15080	rpmF
BSU15090	ylbO
BSU15100	ylbP
BSU15110	ylbQ
BSU15120	yllA
BSU15130	yllB
BSU15140	mraW
BSU15150	ftsL
BSU15160	pbpB
BSU15170	spoVD
BSU15180	murE
BSU15190	mraY
BSU15200	murD
BSU15210	spoVE
BSU15220	murG
BSU15230	murB
BSU15240	divIB
BSU15250	ylxW
BSU15260	ylxX
BSU15270	sbp
BSU15280	ftsA
BSU15290	ftsZ
BSU15300	bpr
BSU15310	spoIIGA
BSU15320	sigE
BSU15330	sigG
BSU15340	ylmA
BSU15350	ylmB
BSU15360	ylmC
BSU15370	ylmD
BSU15380	ylmE
BSU15390	sepF
BSU15400	ylmG
BSU15410	ylmH
BSU15420	divIVA
BSU15430	ileS
BSU15440	ylyA
BSU15450	lspA
BSU15460	rluD
BSU15470	pyrR
BSU15480	pyrP
BSU15490	pyrB
BSU15500	pyrC
BSU15510	pyrAA
BSU15520	carB
BSU15530	pyrK
BSU15540	pyrD
BSU15550	pyrF
BSU15560	pyrE
BSU15570	cysH
BSU15580	cysP
BSU15590	sat
BSU15600	cysC
BSU15610	sumT
BSU15620	sirB
BSU15630	sirC
BSU15640	yloA
BSU15650	yloB
BSU15660	yloC
BSU15670	ylzA
BSU15680	gmk
BSU15690	rpoZ
BSU15700	coaBC
BSU15710	priA
BSU15720	def
BSU15730	fmt
BSU15740	rsmB
BSU15750	yloN
BSU15760	prpC
BSU15770	prkC
BSU15780	yloQ
BSU15790	rpe
BSU15800	thiN
BSU15810	spoVM
BSU15820	rpmB
BSU15830	yloU
BSU15840	yloV
BSU15850	sdaAB
BSU15860	sdaAA
BSU15870	recG
BSU15880	ylpC
BSU15890	plsX
BSU15900	fabD
BSU15910	fabG
BSU15920	acpP
BSU15930	rnc
BSU15940	smc
BSU15950	ftsY
BSU15960	ylqB
BSU15970	ylxM
BSU15980	ffh
BSU15990	rpsP
BSU16000	ylqC
BSU16010	ylqD
BSU16020	rimM
BSU16030	trmD
BSU16040	rplS
BSU16050	rbgA
BSU16060	rnhB
BSU16070	ylqG
BSU16080	ylqH
BSU16090	sucC
BSU16100	sucD
BSU16110	dprA
BSU16120	topA
BSU16130	gid
BSU16140	xerC
BSU16150	clpQ
BSU16160	hslU
BSU16170	codY
BSU16180	flgB
BSU16190	flgC
BSU16200	fliE
BSU16210	fliF
BSU16220	fliG
BSU16230	fliH
BSU16240	fliI
BSU16250	fliJ
BSU16260	ylxF
BSU16270	fliK
BSU16280	flgD
BSU16290	flgG
BSU16299	ylzI
BSU16300	fliL
BSU16310	fliM
BSU16320	fliY
BSU16330	cheY
BSU16340	fliZ
BSU16350	fliP
BSU16360	fliQ
BSU16370	fliR
BSU16380	flhB
BSU16390	flhA
BSU16400	flhF
BSU16410	ylxH
BSU16420	cheB
BSU16430	cheA
BSU16440	cheW
BSU16450	cheC
BSU16460	cheD
BSU16470	sigD
BSU16480	ylxL
BSU16490	rpsB
BSU16500	tsf
BSU16510	pyrH
BSU16520	frr
BSU16530	uppS
BSU16540	cdsA
BSU16550	dxr
BSU16560	rseP
BSU16570	proS
BSU16580	polC
BSU16590	ylxS
BSU16600	nusA
BSU16610	ylxR
BSU16620	ylxQ
BSU16630	infB
BSU16640	ylxP
BSU16650	rbfA
BSU16660	truB
BSU16670	ribC
BSU16680	rpsO
BSU16690	pnpA
BSU16700	ylxY
BSU16710	mlpA
BSU16720	ymxH
BSU16730	spoVFA
BSU16740	spoVFB
BSU16750	asd
BSU16760	dapG
BSU16770	dapA
BSU16780	rnjB
BSU16790	tepA
BSU16799	ylzJ
BSU16800	spoIIIE
BSU16810	ymfC
BSU16825	ymfD
BSU16845	ymfF
BSU16860	ymfH
BSU16870	fabG
BSU16880	ymfJ
BSU16890	ymfK
BSU16900	ymfK
BSU16910	ymfM
BSU16920	pgsA
BSU16930	cinA
BSU16940	recA
BSU16950	pbpX
BSU16960	ymdA
BSU16970	ymdB
BSU16980	spoVS
BSU16990	tdh
BSU17000	kbl
BSU17010	ymcB
BSU17020	ymcA
BSU17030	cotE
BSU17040	mutS
BSU17050	mutL
BSU17060	ymzD
BSU17070	ymcC
BSU17080	pksA
BSU17090	pksB
BSU17100	pksC
BSU17110	pksD
BSU17120	pksE
BSU17130	acpK
BSU17140	pksF
BSU17150	pksG
BSU17160	pksH
BSU17170	pksI
BSU17180	pksJ
BSU17190	pksL
BSU17200	pksM
BSU17210	pksN
BSU17220	pksR
BSU17230	pksS
BSU17240	ymzB
BSU17250	ymaE
BSU17260	aprX
BSU17266	ymzE
BSU17267	ymzE
BSU17270	ymaC
BSU17280	ymaD
BSU17290	ebrB
BSU17300	ebrA
BSU17310	ymaG
BSU17320	ymaF
BSU17330	miaA
BSU17340	hfq
BSU17350	ymzC
BSU17360	ymzA
BSU17370	nrdI
BSU17380	nrdE
BSU17390	nrdF
BSU17400	ymaB
BSU17410	cwlC
BSU17420	spoVK
BSU17430	ynbA
BSU17440	ynbB
BSU17450	glnR
BSU17460	glnA
BSU17470	ynxB
BSU17480	ynzF
BSU17490	ynzG
BSU17500	ynaB
BSU17510	ynaC
BSU17520	ynaD
BSU17530	ynaE
BSU17540	ynaF
BSU17550	ynaG
BSU17559	ynzI
BSU17560	ynaI
BSU17570	xynP
BSU17580	xynB
BSU17590	xylR
BSU17600	xylA
BSU17610	xylB
BSU17620	yncB
BSU17630	yncC
BSU17640	alrB
BSU17650	yncE
BSU17660	yncF
BSU17670	cotU
BSU17678	ynzJ
BSU17680	thyA
BSU17690	yncM
BSU17699	ynzK
BSU17700	cotC
BSU17710	tatAC
BSU17720	yndA
BSU17730	yndB
BSU17740	ynzB
BSU17750	yndD
BSU17760	yndE
BSU17770	yndF
BSU17780	yndG
BSU17790	yndH
BSU17800	yndJ
BSU17810	yndK
BSU17820	yndL
BSU17830	yndM
BSU17840	yndN
BSU17850	lexA
BSU17860	yneA
BSU17870	yneB
BSU17880	ynzC
BSU17890	tkt
BSU17900	yneE
BSU17910	yneF
BSU17920	ynzD
BSU17930	ccdA
BSU17940	yneI
BSU17950	yneJ
BSU17960	yneK
BSU17970	cotM
BSU17980	sspP
BSU17990	sspO
BSU18000	citB
BSU18010	yneN
BSU18019	ynzL
BSU18020	sspN
BSU18030	tlp
BSU18040	yneP
BSU18050	yneQ
BSU18060	yneR
BSU18070	yneS
BSU18080	yneT
BSU18090	parE
BSU18100	parC
BSU18110	ynfC
BSU18120	alsT
BSU18130	eglS
BSU18140	ynfE
BSU18150	xynC
BSU18160	xynD
BSU18170	yngA
BSU18180	yngB
BSU18190	yngC
BSU18200	yngD
BSU18210	yngE
BSU18220	yngF
BSU18230	yngG
BSU18239	yngHB
BSU18240	yngH
BSU18250	yngI
BSU18260	yngJ
BSU18270	ynzE
BSU18280	yngK
BSU18290	yngL
BSU18300	ppsE
BSU18310	ppsD
BSU18320	ppsC
BSU18330	ppsB
BSU18340	ppsA
BSU18350	dacC
BSU18360	yoxA
BSU18370	yoeA
BSU18380	iseA
BSU_tRNA_85	trnSL-Arg1
BSU18390	yoeC
BSU18400	yoeD
BSU18410	ggt
BSU18420	ftsR
BSU18430	yogA
BSU18440	gltD
BSU18450	gltA
BSU18460	gltC
BSU18470	proJ
BSU18480	proH
BSU18490	rtp
BSU18500	fabG
BSU18510	yoxC
BSU18520	yoxB
BSU18530	yoaA
BSU18540	yoaB
BSU18550	yoaC
BSU18560	yoaD
BSU18570	yoaE
BSU18580	yoaF
BSU18590	yoaG
BSU18600	yozQ
BSU18610	yoaH
BSU18620	yoaI
BSU18630	exlX
BSU18640	yoaK
BSU18650	pelB
BSU18660	yoaM
BSU18669	yozS
BSU18670	yoaN
BSU18680	yoaO
BSU18690	yoaP
BSU18700	yoaQ
BSU18709	yozT
BSU18710	yozF
BSU18720	yoaR
BSU18730	yoaS
BSU18740	yozG
BSU18750	yoaT
BSU18760	yoaU
BSU18770	cyeA
BSU18780	yoaW
BSU18790	yoaZ
BSU18800	penP
BSU18810	yobA
BSU18819	yozU
BSU18820	yobB
BSU18830	pps
BSU18840	xynA
BSU18849	yozV
BSU18850	yobD
BSU18860	yozH
BSU18870	yozI
BSU18880	yobE
BSU18890	yobF
BSU18898	yozW
BSU18899	yozX
BSU18900	yozJ
BSU18908	yozY
BSU18909	yozZ
BSU18910	rapK
BSU18920	phrK
BSU18930	yobH
BSU18940	yozK
BSU18950	yozL
BSU18960	yozM
BSU18970	yobI
BSU18979	yoyA
BSU18980	yobJ
BSU18990	yobK
BSU19000	yobL
BSU19010	yobM
BSU19020	yobN
BSU19030	yobO
BSU19040	csaA
BSU19050	yobQ
BSU19060	yobR
BSU19070	yobS
BSU19080	yobT
BSU19090	yobU
BSU19100	yobV
BSU19110	yobW
BSU19120	czrA
BSU19130	yocA
BSU19140	yozB
BSU19150	yocB
BSU19160	yocC
BSU19170	yocD
BSU19180	des
BSU19190	desK
BSU19200	desR
BSU19210	yocH
BSU19220	yocI
BSU19230	yocJ
BSU19240	yocK
BSU19250	yocL
BSU19259	yoyB
BSU19260	yocM
BSU19270	yozN
BSU19280	yocN
BSU19290	yozO
BSU19300	yozC
BSU19310	dhaS
BSU19320	sqhC
BSU19330	sodF
BSU19340	yocR
BSU19350	yocS
BSU19360	odhB
BSU19370	sucA
BSU19380	yojO
BSU19390	yojN
BSU19400	sodC
BSU19410	cwlS
BSU19420	yojK
BSU19430	yojJ
BSU19440	yojI
BSU19450	rsbRC
BSU19460	yojG
BSU19470	yojF
BSU19479	yoyC
BSU19480	yojE
BSU19490	gerT
BSU19510	yojB
BSU19520	yojA
BSU19530	yodA
BSU19540	yodB
BSU19550	yodC
BSU19560	yodD
BSU19570	yodE
BSU19579	yoyD
BSU19580	yodF
BSU19590	ctpA
BSU19600	yodH
BSU19610	yodI
BSU19620	yodJ
BSU19630	deoD
BSU19639	yoyE
BSU19640	yodL
BSU19650	yodM
BSU19660	yozD
BSU19669	yoyF
BSU19670	yodN
BSU19680	yozE
BSU19689	yokU
BSU19690	kamA
BSU19700	yodP
BSU19710	yodQ
BSU19720	yodR
BSU19730	yodS
BSU19740	yodT
BSU19749	yoyG
BSU19750	cgeE
BSU19760	cgeD
BSU19770	cgeC
BSU19780	cgeA
BSU19790	cgeB
BSU19800	phy
BSU19810	ypqP
BSU19820	yotN
BSU19830	yotM
BSU19840	yotL
BSU19850	yotK
BSU19860	yotJ
BSU19870	yotI
BSU19880	yotH
BSU19890	yotG
BSU19900	yotF
BSU19910	yotE
BSU19920	yotD
BSU19930	yotC
BSU19940	yotB
BSU19950	sspC
BSU19970	yosX
BSU19980	yosW
BSU19990	yosV
BSU19999	yojW
BSU20000	yosU
BSU20010	yosT
BSU20020	yosS
BSU20030	yosR
BSU20040	nrdF
BSU20050	yosQ
BSU20060	nrdEB
BSU20070	nrdI
BSU20080	yosL
BSU20090	yosK
BSU20100	yosJ
BSU20110	yosI
BSU20120	yosH
BSU20130	yosG
BSU20140	yosF
BSU20150	yosE
BSU20160	yosD
BSU20170	yosC
BSU20180	yosB
BSU20190	yosA
BSU20200	yorZ
BSU20210	yorY
BSU20220	yorX
BSU20230	yorW
BSU20240	yorV
BSU20250	mtbP
BSU20260	yorT
BSU20270	yorS
BSU20280	yorR
BSU20290	yorQ
BSU20300	yorP
BSU20310	yorO
BSU20320	yorN
BSU20330	yorM
BSU20340	yorL
BSU20350	yorK
BSU20360	yorJ
BSU20370	yorI
BSU20380	yorH
BSU20390	yorG
BSU20400	yorF
BSU20410	yorE
BSU20420	yorD
BSU20430	yorC
BSU20440	yorB
BSU20450	yorA
BSU20460	yoqZ
BSU20470	yoqY
BSU20480	yoqX
BSU20490	yoqW
BSU20500	ligB
BSU20510	yoqU
BSU20520	yoqT
BSU20530	yoqS
BSU20540	yoqR
BSU20550	yoqP
BSU20560	yoqO
BSU20570	yoqN
BSU20580	yoqM
BSU20590	yoqL
BSU20600	yoqK
BSU20610	yoqJ
BSU20620	yoqI
BSU20630	yoqH
BSU20640	yoqG
BSU20650	yoqF
BSU20660	yoqE
BSU20670	yoqD
BSU20680	yoqC
BSU20690	yoqB
BSU20700	yoqA
BSU20710	yopZ
BSU20720	yopY
BSU20730	yopX
BSU20740	yopW
BSU20750	yopV
BSU20760	yopU
BSU20770	yopT
BSU20780	yopS
BSU20790	yopR
BSU20800	yopQ
BSU20810	yopP
BSU20820	yopO
BSU20830	yopN
BSU20840	yopM
BSU20850	yopL
BSU20860	yopK
BSU20870	yopJ
BSU20880	yopI
BSU20890	yopH
BSU20900	yopG
BSU20910	yopF
BSU20920	yopE
BSU20928	yoyH
BSU20929	yoyI
BSU20930	yopD
BSU20940	yopC
BSU20950	yopB
BSU20960	yopA
BSU20970	yonX
BSU20980	yonV
BSU20990	yonU
BSU20999	yoyJ
BSU21000	yonT
BSU21010	yonS
BSU21020	yonR
BSU21030	yonP
BSU21040	yonO
BSU21050	yonN
BSU21060	yonK
BSU21070	yonJ
BSU21080	yonI
BSU21090	yonH
BSU21100	yonG
BSU21110	yonF
BSU21120	yonE
BSU21130	yonD
BSU21140	yonC
BSU21150	yonB
BSU21160	yonA
BSU21170	yomZ
BSU21180	yomY
BSU21190	yomX
BSU21200	yomW
BSU21210	yomV
BSU21220	yomU
BSU21229	youA
BSU21230	yomT
BSU21240	yomS
BSU21250	yomR
BSU21260	yomQ
BSU21270	yomP
BSU21280	yomO
BSU21290	yomN
BSU21300	yomM
BSU21310	yozP
BSU21320	yomL
BSU21329	youB
BSU21330	yomK
BSU21340	yomJ
BSU21350	yomI
BSU21360	yomH
BSU21370	yomG
BSU21380	yomF
BSU21390	yomE
BSU21400	yomD
BSU21410	blyA
BSU21420	bhlA
BSU21430	bhlB
BSU21440	bdbB
BSU21450	yolJ
BSU21460	bdbA
BSU21470	sunT
BSU21480	sunA
BSU21490	sunI
BSU21500	uvrX
BSU21510	yolD
BSU21520	yolC
BSU21530	yolB
BSU21540	yolA
BSU21550	yokL
BSU21560	yokK
BSU21570	yokJ
BSU21580	yokI
BSU21590	yokH
BSU21598	yoyK
BSU21599	yoyK
BSU21600	yokG
BSU21610	yokF
BSU21620	yokE
BSU21630	yokD
BSU21640	yokC
BSU21650	yokB
BSU21660	yokA
BSU21670	ypqP
BSU21680	yppQ
BSU21690	msrA
BSU21700	ypoP
BSU21710	dinF
BSU21720	ypmT
BSU21730	ypmS
BSU21740	ypmR
BSU21750	scuA
BSU21760	ypmP
BSU21770	ilvA
BSU21780	yplP
BSU21790	yplQ
BSU21800	ypkP
BSU21810	dfrA
BSU21820	thyA
BSU21830	ypjQ
BSU21840	ypjP
BSU21850	ypiP
BSU21860	yphP
BSU21870	ilvD
BSU21880	ypgR
BSU21890	ypgQ
BSU21900	bsaA
BSU21910	metA
BSU21920	ugtP
BSU21930	cspD
BSU21940	degR
BSU21950	ypzA
BSU21960	ypeQ
BSU21970	ypeP
BSU21980	ypdP
BSU21990	ypdQ
BSU22000	sspL
BSU22010	exoA
BSU22019	ypzF
BSU22020	ypbS
BSU22030	ypbR
BSU22040	ypbQ
BSU22050	bcsA
BSU22060	pbuX
BSU22070	xpt
BSU22080	ypwA
BSU22090	kdgT
BSU22100	kdgA
BSU22110	kdgK
BSU22120	kdgR
BSU22130	kduI
BSU22140	kduD
BSU22150	ypvA
BSU22160	yptA
BSU22169	ypzG
BSU22170	ypsC
BSU_misc_RNA_35	rnpB
BSU22180	ypsB
BSU22190	ypsA
BSU22200	cotD
BSU22210	yprB
BSU22220	yprA
BSU22230	ypqE
BSU22240	ypqA
BSU22250	yppG
BSU22260	yppF
BSU22270	yppE
BSU22280	yppD
BSU22290	sspM
BSU22300	yppC
BSU22310	recU
BSU22320	ponA
BSU22330	ypoC
BSU22340	nth
BSU22350	dnaD
BSU22360	asnC
BSU22370	aspB
BSU22380	ypmB
BSU22390	ypmA
BSU22400	dinG
BSU22410	panD
BSU22420	panC
BSU22430	panB
BSU22440	birA
BSU22450	cca
BSU22460	ypjH
BSU22470	ypjG
BSU22480	mgsA
BSU22490	dapB
BSU22500	ypjD
BSU22510	ypjC
BSU22520	ypjB
BSU22530	ypjA
BSU22540	qcrC
BSU22550	qcrB
BSU22560	qcrA
BSU22570	ypiF
BSU22580	ypiB
BSU22590	ypiA
BSU22600	aroE
BSU22610	tyrA
BSU22620	hisC
BSU22630	trpA
BSU22640	trpB
BSU22650	trpF
BSU22660	trpC
BSU22670	trpD
BSU22680	trpE
BSU22690	aroH
BSU22700	aroB
BSU22710	aroF
BSU22720	cheR
BSU22730	ndk
BSU22740	hepT
BSU22750	ubiE
BSU22760	hepS
BSU22770	mtrB
BSU22780	folE
BSU22790	hbs
BSU22800	spoIVA
BSU22810	yphF
BSU22820	yphE
BSU22830	gpsA
BSU22840	engA
BSU22849	ypzH
BSU22850	seaA
BSU22860	yphA
BSU22869	ypzI
BSU22870	fni
BSU22880	rpsA
BSU22890	cmk
BSU22900	ypfB
BSU22910	dgrA
BSU22920	ypeB
BSU22930	sleB
BSU22940	prsW
BSU22950	ypdA
BSU22960	gudB
BSU22970	ypbH
BSU22980	ypbG
BSU22990	ypbF
BSU23000	ypbE
BSU23010	ypbD
BSU23020	recQ
BSU23030	ypbB
BSU23040	fer
BSU23050	fmnP
BSU23060	ypzE
BSU23070	serA
BSU23080	aroD
BSU23090	rsiX
BSU23100	sigX
BSU23110	resE
BSU23120	resD
BSU23130	resC
BSU23140	resB
BSU23150	resA
BSU23160	rluB
BSU23170	spmB
BSU23180	spmA
BSU23190	dacB
BSU23200	ypuI
BSU23210	spcB
BSU23220	scpA
BSU23230	ypuF
BSU23240	ypzK
BSU23250	ribH
BSU23260	ribA
BSU23270	ribE
BSU23280	ribD
BSU23300	ypuD
BSU23310	sipS
BSU23320	ypzC
BSU23328	ypzJ
BSU23329	ypuC
BSU23330	ypuC
BSU23340	ypuB
BSU23350	ypzD
BSU23360	ppiB
BSU23370	ypuA
BSU23380	lysA
BSU23390	spoVAF
BSU23401	spoVAEA
BSU23402	spoVAEB
BSU23410	spoVAD
BSU23420	spoVAC
BSU23430	spoVAB
BSU23440	spoVAA
BSU23450	sigF
BSU23460	spoIIAB
BSU23470	spoIIAA
BSU23480	dacF
BSU23490	pupG
BSU23500	drm
BSU23510	xerD
BSU23519	yqzK
BSU23520	fur
BSU23530	spoIIM
BSU23540	yqkK
BSU23550	mleA
BSU23560	mleN
BSU23570	aspA
BSU23580	ansA
BSU23590	ansR
BSU23600	yqxK
BSU23610	nudF
BSU23620	yqkF
BSU23630	yqkE
BSU23640	yqkD
BSU23650	yqkC
BSU23660	yqkB
BSU23670	yqkA
BSU23680	yqjZ
BSU23690	yqjY
BSU23700	yqjX
BSU23710	yqjW
BSU23720	yqzH
BSU23730	yqjV
BSU23740	yqjU
BSU23750	yqjT
BSU23760	coaA
BSU23770	dsdA
BSU23780	yqjQ
BSU23790	yqjP
BSU23800	proI
BSU23810	yqjN
BSU23820	yqjM
BSU23830	yqjL
BSU23840	yqjK
BSU23850	zwf
BSU23860	yqjI
BSU23870	yqjH
BSU23880	yqzJ
BSU23890	yqjG
BSU23900	yqjF
BSU23910	yqjE
BSU23920	yqjD
BSU23930	yqjC
BSU23940	yqjB
BSU23950	yqjA
BSU23960	artR
BSU23970	artQ
BSU23980	artP
BSU23990	yqiW
BSU24000	bmrU
BSU24010	bmr
BSU24020	bmrR
BSU24030	bkdB
BSU24040	bkdAB
BSU24050	bkdAA
BSU24060	lpdV
BSU24070	buk
BSU24080	bcd
BSU24090	ptb
BSU24100	bkdR
BSU24110	yqzF
BSU24120	prpB
BSU24130	prpD
BSU24140	mmgD
BSU24150	mmgC
BSU24160	mmgB
BSU24170	mmgA
BSU24180	yqiK
BSU24190	yqiI
BSU24200	yqiH
BSU24210	yqiG
BSU24220	spo0A
BSU24230	spoIVB
BSU24240	recN
BSU24250	ahrC
BSU24260	yqxC
BSU24270	dxs
BSU24280	ispA
BSU24290	xseB
BSU24300	xseA
BSU24310	folD
BSU24320	nusB
BSU24330	yqhY
BSU24340	accC
BSU24350	accB
BSU24360	spoIIIAH
BSU24370	spoIIIAG
BSU24380	spoIIIAF
BSU24390	spoIIIAE
BSU24400	spoIIIAD
BSU24410	spoIIIAC
BSU24420	spoIIIAB
BSU24430	spoIIIAA
BSU24440	yqhV
BSU24450	efp
BSU24460	yqhT
BSU24470	yqhS
BSU24480	yqhR
BSU24490	yqhQ
BSU24500	yqhP
BSU24510	yqhO
BSU24520	mntR
BSU24530	yqhM
BSU24540	yqhL
BSU24550	gcvPB
BSU24560	gcvPA
BSU24570	gcvT
BSU24580	yqhH
BSU24590	yqhG
BSU24600	sinI
BSU24610	sinR
BSU24620	tasA
BSU24630	sipW
BSU24640	yqxM
BSU24650	yqzG
BSU24660	yqzE
BSU24670	comGG
BSU24680	comGF
BSU24690	comGE
BSU24700	comGD
BSU24710	comGC
BSU24720	comGB
BSU24730	comGA
BSU24740	yqxL
BSU24750	yqhB
BSU24760	rsbRD
BSU_tRNA_73	trnSL-Gln1
BSU24770	mgsR
BSU24780	yqgY
BSU24790	yqgX
BSU24800	yqgW
BSU24810	yqgV
BSU24820	yqgU
BSU24830	yqgT
BSU24840	yqgS
BSU24850	glcK
BSU24860	yqgQ
BSU24870	glpG
BSU24880	yqgO
BSU24890	yqgN
BSU24900	rpmG
BSU24910	yqgM
BSU24920	yqgL
BSU24930	yqzD
BSU24940	yqzC
BSU24950	pstBB
BSU24960	pstBA
BSU24970	pstA
BSU24980	pstC
BSU24990	pstS
BSU25000	pbpA
BSU25010	yqgE
BSU25020	sodA
BSU25030	yqgC
BSU25040	yqgB
BSU25050	yqgA
BSU25060	yqfZ
BSU25070	ispG
BSU25080	yqfX
BSU25090	yqfW
BSU25100	zur
BSU25110	yqfU
BSU25120	yqfT
BSU25130	yqfS
BSU25140	cshB
BSU25150	yqfQ
BSU25160	ispH
BSU25170	yqfO
BSU25180	trmK
BSU25190	cccA
BSU25200	sigA
BSU25210	dnaG
BSU25220	antE
BSU25230	yqxD
BSU25240	yqfL
BSU25250	ccpN
BSU25260	glyS
BSU25270	glyQ
BSU25280	recO
BSU25289	yqzL
BSU25290	era
BSU25300	cdd
BSU25310	dgkA
BSU25320	yqfG
BSU25330	yqfF
BSU25340	phoH
BSU25350	yqfD
BSU25360	yqfC
BSU25370	yqfB
BSU25380	yqfA
BSU25390	yqeZ
BSU25400	yqeY
BSU25410	rpsU
BSU25420	yqeW
BSU25430	rimO
BSU25440	yqeU
BSU25450	prmA
BSU25460	dnaJ
BSU25470	dnaK
BSU25480	grpE
BSU25490	hrcA
BSU25500	hemN
BSU25510	lepA
BSU25520	yqxA
BSU25530	spoIIP
BSU25540	gpr
BSU25550	rpsT
BSU25560	holA
BSU25569	yqzM
BSU25570	comEC
BSU25580	comEB
BSU25590	comEA
BSU25600	comER
BSU25610	yqeM
BSU25620	yqeL
BSU25630	yqeK
BSU25640	nadD
BSU25650	yqeI
BSU25660	aroE
BSU25670	yqeH
BSU25680	yqeG
BSU25690	sda
BSU25700	yqeF
BSU25710	cwlH
BSU25720	yqeD
BSU25730	yqeC
BSU25740	yqeB
BSU25750	nucB
BSU25760	spoIVCB
BSU25770	spoIVCA
BSU25780	arsC
BSU25790	arsB
BSU25800	yqcK
BSU25810	arsR
BSU25820	yqcI
BSU25830	rapE
BSU25840	phrE
BSU25850	yqzI
BSU25860	yqcG
BSU25870	yqcF
BSU25880	yqxJ
BSU25890	yqxI
BSU25900	cwlA
BSU25910	yqxH
BSU25920	yqxG
BSU25930	yqcE
BSU25940	yqcD
BSU25950	yqcC
BSU25960	yqcB
BSU25970	yqcA
BSU25980	yqbT
BSU25990	yqbS
BSU26000	yqbR
BSU26010	yqbQ
BSU26020	yqbP
BSU26030	yqbO
BSU26039	yqbN
BSU26040	yqbN
BSU26050	yqdB
BSU26060	yqbM
BSU26075	yqbK
BSU26089	yqzN
BSU26090	yqbJ
BSU26100	yqbI
BSU26110	yqbH
BSU26120	yqbG
BSU26130	yqbF
BSU26140	yqbE
BSU26150	yqbD
BSU26160	yqbC
BSU26170	yqbB
BSU26180	yqbA
BSU26190	yqaT
BSU26200	yqaS
BSU26210	yqaR
BSU26220	yqaQ
BSU26230	yqaP
BSU26240	yqaO
BSU26250	yqaN
BSU26259	yqzO
BSU26260	yqaM
BSU26270	yqaL
BSU26280	yqaK
BSU26290	yqaJ
BSU26300	yqaI
BSU26310	yqaH
BSU26320	yqaG
BSU26330	yqdA
BSU26340	yqaF
BSU26350	yqaE
BSU26360	yqaD
BSU26370	yqaC
BSU26380	yqaB
BSU26390	spoIIIC
BSU26400	yrkS
BSU26410	yrkR
BSU26420	yrkQ
BSU26430	yrkP
BSU26440	yrkO
BSU26450	yrkN
BSU26470	yrkL
BSU26480	yrkK
BSU26490	yrkJ
BSU26500	yrkI
BSU26510	yrkH
BSU26530	yrkF
BSU26540	yrkE
BSU26550	yrkD
BSU26558	yrzM
BSU26559	yrzN
BSU26560	yrkC
BSU26570	yrkB
BSU26580	bltR
BSU26590	blt
BSU26600	bltD
BSU26610	yrkA
BSU26619	yrzO
BSU26620	yrdR
BSU26630	yrdQ
BSU26640	yrdP
BSU26650	czcD
BSU26660	yrdN
BSU26670	gltR
BSU26680	yrdK
BSU26690	brnQ
BSU26700	azlD
BSU26710	azlC
BSU26720	azlB
BSU26730	yrdF
BSU26740	cypA
BSU26748	yrdD
BSU26749	yrdD
BSU26750	yrdD
BSU26760	yrdC
BSU26770	yrdB
BSU26780	yrdA
BSU26790	aadK
BSU26800	yrpB
BSU26810	yrpC
BSU26820	yrpD
BSU26830	yrpE
BSU26840	sigZ
BSU26850	yrpG
BSU26860	yraO
BSU26870	yraN
BSU26880	yraM
BSU26890	csn
BSU26900	yraL
BSU26910	yraK
BSU26920	yraJ
BSU26930	yraI
BSU26940	yraH
BSU26950	yraG
BSU26960	yraF
BSU26970	adhB
BSU26980	yraE
BSU26990	yraD
BSU27000	yraB
BSU27009	yrzP
BSU27010	adhA
BSU27020	yraA
BSU27030	sacC
BSU27040	levG
BSU27050	levF
BSU27060	levE
BSU27070	levD
BSU27080	levR
BSU27090	aapA
BSU27100	yrhP
BSU27110	yrhO
BSU27120	sigV
BSU27130	rsiV
BSU27140	oatA
BSU27150	yrhK
BSU27160	cypB
BSU27170	bscR
BSU27180	yrhH
BSU27190	yrzI
BSU27200	yrhG
BSU27210	yrhF
BSU27220	yrhE
BSU27230	yrhD
BSU27240	yrhC
BSU27250	yrhB
BSU27260	mccA
BSU27270	mtn
BSU27280	yrrT
BSU27290	yrzA
BSU27300	yrrS
BSU27310	pbpI
BSU27320	greA
BSU27330	udk
BSU27340	yrrO
BSU27350	yrrN
BSU27360	yrrM
BSU27370	yrrL
BSU27380	yrzB
BSU27390	yrrK
BSU27400	yrzL
BSU27410	alaS
BSU27420	yrrI
BSU27430	glnQ
BSU27440	glnH
BSU27450	glnM
BSU27460	glnP
BSU27468	yrzQ
BSU27469	yrzR
BSU27470	yrrD
BSU27480	yrrC
BSU27490	yrrB
BSU27500	mnmA
BSU27510	iscS
BSU27520	cymR
BSU27530	yrvN
BSU27540	yrvM
BSU27550	aspS
BSU27560	hisS
BSU27570	yrzK
BSU27580	yrvJ
BSU27590	yrvI
BSU27600	relA
BSU27610	apt
BSU27620	recJ
BSU27630	yrvD
BSU27640	yrvC
BSU27650	secDF
BSU27660	comN
BSU27670	spoVB
BSU27680	yrbG
BSU27690	yrzE
BSU27700	yajC
BSU27710	tgt
BSU27720	queA
BSU27729	yrzS
BSU27730	ruvB
BSU27740	ruvA
BSU27750	bofC
BSU27760	csbX
BSU27770	yrbE
BSU27785	yrzF
BSU27800	yrzH
BSU27809	yrzT
BSU27810	yrbD
BSU27820	yrbC
BSU27830	coxA
BSU27840	safA
BSU27850	nadA
BSU27860	nadC
BSU27870	nadB
BSU27880	nifS
BSU27890	nadR
BSU27900	pheA
BSU27910	pheB
BSU27920	obgE
BSU27930	spo0B
BSU27940	rpmA
BSU27950	ysxB
BSU27960	rplU
BSU27970	spoIVFB
BSU27980	spoIVFA
BSU27990	minD
BSU28000	minC
BSU28010	mreD
BSU28020	mreC
BSU28030	mreB
BSU28040	radC
BSU28050	maf
BSU28060	spoIIB
BSU28070	comC
BSU28080	folC
BSU28090	valS
BSU28099	yszA
BSU28100	ysxE
BSU28110	spoVID
BSU28120	hemL
BSU28130	hemB
BSU28140	hemD
BSU28150	hemC
BSU28160	hemX
BSU28170	hemA
BSU28180	ysxD
BSU28190	engB
BSU28200	lonA
BSU28210	lonB
BSU28220	clpX
BSU28230	tig
BSU28240	ysoA
BSU28250	leuD
BSU28260	leuC
BSU28270	leuB
BSU28280	leuA
BSU28290	ilvC
BSU28300	ilvH
BSU28310	ilvB
BSU28320	ysnD
BSU28330	ysnE
BSU28340	ysnF
BSU_tRNA_84	trnSL-Arg2
BSU28350	ysnB
BSU28360	ysnA
BSU28370	rph
BSU28380	gerM
BSU28390	racE
BSU28400	ysmB
BSU28410	gerE
BSU28420	ysmA
BSU28430	sdhB
BSU28440	sdhA
BSU28450	sdhC
BSU28460	yslB
BSU28470	lysC
BSU28490	uvrC
BSU28500	trxA
BSU28510	xsa
BSU28520	etfA
BSU28530	etfB
BSU28540	ysiB
BSU28550	fadR
BSU28560	lcfA
BSU28570	yshE
BSU28580	mutSB
BSU28590	yshC
BSU28600	yshB
BSU28610	yshA
BSU28620	rnhC
BSU28630	pheT
BSU28640	pheS
BSU28650	ysgA
BSU28660	sspI
BSU28670	ysfB
BSU28680	glcD
BSU28690	glcF
BSU28700	ysfE
BSU28710	cstA
BSU28720	abfA
BSU28730	araQ
BSU28740	araP
BSU28750	araN
BSU28760	araM
BSU28770	araL
BSU28780	araD
BSU28790	araB
BSU28800	araA
BSU28810	abnA
BSU28820	ysdC
BSU28830	ysdB
BSU28840	ysdA
BSU28850	rplT
BSU28860	rpmI
BSU28870	infC
BSU28890	yscB
BSU28900	ysbB
BSU28910	ysbA
BSU28920	lytT
BSU28930	lytS
BSU28940	ysaA
BSU28950	thrS
BSU28960	ytxC
BSU28970	ytxB
BSU28980	dnaI
BSU28990	dnaB
BSU29000	nrdR
BSU29010	speD
BSU29020	gapB
BSU29030	ytcD
BSU29040	ytbD
BSU29050	ytbE
BSU29060	coaE
BSU29070	ytaF
BSU29080	mutM
BSU29090	polA
BSU29100	phoR
BSU29110	phoP
BSU29120	mdh
BSU29130	icd
BSU29140	citZ
BSU29150	ytwI
BSU29160	ytvI
BSU29170	fxsA
BSU29180	pyk
BSU29190	pfkA
BSU29200	accA
BSU29210	accD
BSU29220	ytsJ
BSU29230	dnaE
BSU29239	ytrH
BSU29240	ytrI
BSU29249	ytzJ
BSU29250	nrnA
BSU29260	ytpI
BSU29270	ytoI
BSU29280	ytnM
BSU29290	ytnL
BSU29300	rbfK
BSU29310	ytnJ
BSU29320	ytnI
BSU29330	ytmO
BSU29340	tcyN
BSU29350	tcyM
BSU29360	tcyL
BSU29370	tcyK
BSU29380	tcyJ
BSU29390	ytmI
BSU29400	ytlI
BSU29410	ytkL
BSU29420	fabG
BSU29430	ytzD
BSU29440	argH
BSU29450	argG
BSU29460	moaB
BSU29470	ackA
BSU29480	ytxK
BSU29490	tpx
BSU29500	ytfJ
BSU29510	ytfI
BSU29520	yteJ
BSU29530	sppA
BSU29540	ppnK
BSU29550	ytcJ
BSU29560	ytcI
BSU29570	sspA
BSU29580	ytbJ
BSU29590	iscS
BSU29600	braB
BSU29610	ezrA
BSU29620	hisJ
BSU29630	yttP
BSU29640	ytsP
BSU29650	dgcP
BSU29660	rpsD
BSU29670	tyrS
BSU29679	ytzK
BSU29680	acsA
BSU29690	acuA
BSU29700	acuB
BSU29710	acuC
BSU29720	ytxE
BSU29730	ytxD
BSU29740	ccpA
BSU29750	aroA
BSU29760	ytxJ
BSU29770	ytxH
BSU29780	ytxG
BSU29790	murC
BSU29805	ytpS
BSU29820	ytpR
BSU29830	ytpQ
BSU29840	ytpP
BSU29850	ytoQ
BSU29860	ytoP
BSU29870	ytzB
BSU29880	malS
BSU29890	ytnP
BSU29900	trmB
BSU29910	ytzH
BSU29920	ytmP
BSU29930	amyX
BSU29940	ytlR
BSU29950	ytlQ
BSU29960	ytlP
BSU29970	ytkP
BSU29980	ytjP
BSU29990	pbuO
BSU30000	ythQ
BSU30010	ythP
BSU30020	ytzE
BSU30035	ytzG
BSU30050	ytgP
BSU30060	ytfP
BSU30070	opuD
BSU30080	yteV
BSU30090	yteU
BSU30100	yteT
BSU30110	yteS
BSU30120	yteR
BSU30135	yteP
BSU30150	ytdP
BSU30160	ytcQ
BSU30170	ytcP
BSU30180	ytbQ
BSU30190	bioI
BSU30200	bioB
BSU30210	bioD
BSU30220	bioF
BSU30230	bioA
BSU30240	bioW
BSU30250	ytaP
BSU30260	msmR
BSU30270	msmE
BSU30280	amyD
BSU30290	amyC
BSU30300	melA
BSU30310	ytwF
BSU30320	leuS
BSU30330	ytvB
BSU30340	ytvA
BSU30350	yttB
BSU30360	yttA
BSU30370	bceB
BSU30380	bceA
BSU30390	bceS
BSU30400	bceR
BSU30410	ytrF
BSU30420	ytrE
BSU30430	ytrD
BSU30440	ytrC
BSU30450	ytrB
BSU30460	ytrA
BSU30470	ytzC
BSU30480	ytqA
BSU30490	ytqB
BSU30500	ytpB
BSU30510	ytpA
BSU30520	ytoA
BSU30530	ytnA
BSU30540	asnB
BSU30550	metK
BSU30560	pckA
BSU30570	ytmB
BSU30580	ytmA
BSU30595	ytlA
BSU30610	ytlC
BSU30620	ytlD
BSU30630	ytkD
BSU30640	ytkC
BSU30650	dps
BSU30659	ytzI
BSU30660	ytkA
BSU30670	luxS
BSU30680	ytjA
BSU30690	ytiB
BSU30700	rpmE2
BSU30710	ythA
BSU30720	ythB
BSU30739	ytzL
BSU30740	mntD
BSU30750	mntC
BSU30760	mntB
BSU30770	mntA
BSU30780	menC
BSU30790	menE
BSU30800	menB
BSU30810	ytxM
BSU30820	menD
BSU30830	menF
BSU30840	yteA
BSU30850	ytdA
BSU30860	ytcA
BSU30870	ytcB
BSU30880	ytcC
BSU30890	ytxO
BSU30900	cotS
BSU30910	cotSA
BSU30920	cotI
BSU30930	ytaB
BSU30940	glgP
BSU30950	glgA
BSU30960	glgD
BSU30970	glgC
BSU30980	glgB
BSU_tRNA_72	trnB-Glu
BSU_tRNA_71	trnB-Ser2
BSU_tRNA_70	trnB-Asn
BSU_tRNA_69	trnB-Ile2
BSU_tRNA_68	trnB-Gly2
BSU_tRNA_67	trnB-His
BSU_tRNA_66	trnB-Phe
BSU_tRNA_65	trnB-Asp
BSU_tRNA_64	trnB-Met2
BSU_tRNA_63	trnB-Ser1
BSU_tRNA_62	trnB-Met3
BSU_tRNA_61	trnB-Met1
BSU_tRNA_60	trnB-Ala
BSU_tRNA_59	trnB-Pro
BSU_tRNA_58	trnB-Arg
BSU_tRNA_57	trnB-Leu2
BSU_tRNA_56	trnB-Gly1
BSU_tRNA_55	trnB-Leu1
BSU_tRNA_54	trnB-Lys
BSU_tRNA_53	trnB-Thr
BSU_tRNA_52	trnB-Val
BSU_rRNA_21	rrnB-5S
BSU_rRNA_20	rrnB-23S
BSU_rRNA_19	rrnB-16S
BSU30990	thiT
BSU31000	yuaI
BSU31010	yuaG
BSU31020	yuaF
BSU31030	yuaE
BSU31040	yuaD
BSU31050	gbsB
BSU31060	gbsA
BSU31070	yuaC
BSU31080	yuaB
BSU31090	ktrA
BSU31100	ktrB
BSU31110	yubF
BSU31120	lytG
BSU31130	yubD
BSU31140	cdoA
BSU_tRNA_86	trnSL-Ala1
BSU31150	yubB
BSU31160	yubA
BSU31170	yulF
BSU31180	yulE
BSU31190	yulD
BSU31200	yulC
BSU31210	yulB
BSU31220	yuxG
BSU31230	tlpB
BSU31240	mcpA
BSU31250	tlpA
BSU31260	mcpB
BSU31270	tgl
BSU31279	yuzH
BSU31280	yugU
BSU31290	yugT
BSU31300	yugS
BSU31310	yugP
BSU31319	yuzI
BSU31321	mstX
BSU31322	yugO
BSU31330	yugN
BSU31340	yugM
BSU31350	pgi
BSU31360	yugK
BSU31370	yugJ
BSU31380	yuzA
BSU31390	yugI
BSU31400	alaT
BSU31410	yugG
BSU31420	yugF
BSU31430	yugE
BSU31440	patB
BSU31450	kinB
BSU31460	kapB
BSU31470	kapD
BSU31480	yuxJ
BSU31490	pbpD
BSU31500	yuxK
BSU31510	yufK
BSU31520	yufL
BSU31530	yufM
BSU31540	yufN
BSU31550	yufO
BSU31560	yufP
BSU31570	yufQ
BSU31580	maeN
BSU31590	yufS
BSU31600	mrpA
BSU31610	mrpB
BSU31620	mrpC
BSU31630	mrpD
BSU31640	mrpE
BSU31650	mrpF
BSU31660	mrpG
BSU31670	yuxO
BSU31680	comA
BSU31690	comP
BSU31700	comX
BSU31710	comQ
BSU31720	degQ
BSU31730	yuzC
BSU31740	pdeH
BSU31750	yueK
BSU31760	pncA
BSU31770	yueI
BSU31780	yueH
BSU31790	yueG
BSU31800	yueF
BSU31810	yuzE
BSU31820	yuzF
BSU31830	yueE
BSU31840	yueD
BSU31850	yueC
BSU31860	yueB
BSU31875	yukB
BSU31890	yukC
BSU31900	yukD
BSU31910	yukE
BSU31920	yukF
BSU31930	ald
BSU31945	yukJ
BSU31959	ybdZ
BSU31960	dhbF
BSU31970	dhbB
BSU31980	dhbE
BSU31990	dhbC
BSU32000	dhbA
BSU32010	besA
BSU32020	yuiH
BSU32030	bioYB
BSU32040	yuiF
BSU32050	yuiE
BSU32060	yuiD
BSU32070	yuiC
BSU32080	yuiB
BSU32090	yuiA
BSU32100	yumB
BSU32110	yumC
BSU32120	yuzG
BSU32130	guaC
BSU32140	paiB
BSU32150	paiA
BSU32160	yutM
BSU32170	dapF
BSU32180	yutK
BSU32190	yuzB
BSU32200	yutJ
BSU32210	yuzD
BSU32220	yutI
BSU32230	yuxL
BSU32240	thrB
BSU32250	thrC
BSU32260	hom
BSU32270	yutH
BSU32280	yutG
BSU32290	yutF
BSU32300	yutE
BSU32310	yutD
BSU32320	yutC
BSU32330	lipA
BSU32340	lytH
BSU32350	yunB
BSU32360	yunC
BSU32370	yunD
BSU32380	yunE
BSU32390	yunF
BSU32400	yunG
BSU32410	pucH
BSU32420	pucR
BSU32430	pucJ
BSU32440	pucK
BSU32450	pucL
BSU32460	pucM
BSU32469	yuzJ
BSU32470	pucE
BSU32480	pucD
BSU32490	pucC
BSU32500	pucB
BSU32510	pucA
BSU32520	pucG
BSU32530	yurH
BSU32540	bsn
BSU32550	yurJ
BSU32560	frlR
BSU32570	frlD
BSU32580	frlM
BSU32590	frlN
BSU32600	frlO
BSU32610	frlB
BSU32620	yurQ
BSU32630	yurR
BSU32640	sspG
BSU32650	yurS
BSU32660	yurT
BSU32669	yuzN
BSU32670	sufB
BSU32680	iscU
BSU32690	sufS
BSU32700	sufD
BSU32710	sufC
BSU32719	yuzK
BSU32720	yurZ
BSU32730	metN
BSU32740	metP
BSU32750	metQ
BSU32760	yusD
BSU32770	yusE
BSU32780	yusF
BSU32790	yusG
BSU32800	yusH
BSU32810	yusI
BSU32820	fadE
BSU32830	yusK
BSU32840	fadN
BSU32849	yuzL
BSU32850	fadM
BSU32859	yuzM
BSU32860	yusN
BSU32870	yusO
BSU32880	yusP
BSU32890	yusQ
BSU32900	yusR
BSU32910	yusS
BSU32920	yusT
BSU32930	yusU
BSU32940	yusV
BSU32950	yusW
BSU32960	yusY
BSU32970	yusY
BSU32980	yusZ
BSU32990	mrgA
BSU33000	htrB
BSU33010	cssR
BSU33020	cssS
BSU33029	yuzO
BSU33030	yuxN
BSU33040	fumC
BSU33049	yvzF
BSU33050	gerAA
BSU33060	gerAB
BSU33070	gerAC
BSU33080	liaR
BSU33090	liaS
BSU33100	liaF
BSU33110	liaG
BSU33120	liaH
BSU33130	liaI
BSU33140	yvqJ
BSU33150	yvqK
BSU33160	yvrA
BSU33170	yvrB
BSU33180	yvrC
BSU33190	yvrD
BSU33200	yvrE
BSU33210	yvrG
BSU33221	yvrH
BSU33222	rsoA
BSU33230	sigO
BSU33239	yvrJ
BSU33240	oxdC
BSU33250	yvrL
BSU33260	yvrN
BSU33270	yvrO
BSU33280	yvrP
BSU33290	fhuC
BSU33300	fhuG
BSU33310	fhuB
BSU33320	fhuD
BSU33330	lysP
BSU33340	sspJ
BSU33350	yvsG
BSU33360	yvgJ
BSU33370	yvgK
BSU33380	yvgL
BSU33390	yvgM
BSU33400	yvgN
BSU33410	yvgO
BSU33420	nhaK
BSU33430	yvgQ
BSU33440	cysJ
BSU33450	helD
BSU33460	yvgT
BSU33470	bdbC
BSU33480	bdbD
BSU33490	copB
BSU33500	copA
BSU33510	copZ
BSU33520	csoR
BSU33530	yvaA
BSU33540	yvaB
BSU33550	yvaC
BSU33560	yvaD
BSU33570	yvaE
BSU33580	yvaF
BSU33590	yvaG
BSU_misc_RNA_55	ssrA
BSU33600	smpB
BSU33610	rnr
BSU33620	yvaK
BSU33630	secG
BSU33640	yvaM
BSU33650	yvzC
BSU33660	rghRA
BSU33670	rghRB
BSU33680	yvaP
BSU33690	yvaQ
BSU33700	opuBD
BSU33710	opuBC
BSU33720	opuBB
BSU33730	opuBA
BSU33740	yvaV
BSU33750	sdpA
BSU33760	sdpB
BSU33770	spbC
BSU33780	sdpI
BSU33790	sdpR
BSU33800	opuCD
BSU33810	opuCC
BSU33820	opuCB
BSU33830	opuCA
BSU33840	yvbF
BSU33850	yvbG
BSU33860	yvbH
BSU33870	yvbI
BSU33880	yvbJ
BSU33890	yvbK
BSU33900	eno
BSU33910	pgm
BSU33920	tpiA
BSU33930	pgk
BSU33940	gapA
BSU33950	cggR
BSU33960	araE
BSU33970	araR
BSU33980	yvbT
BSU33990	yvbU
BSU34000	cyeB
BSU34010	yvbW
BSU34020	yvbX
BSU34030	yvbY
BSU34040	yvfW
BSU34050	yvfV
BSU34060	yvfU
BSU34070	yvfT
BSU34080	yvfS
BSU34090	yvfR
BSU34100	rsbQ
BSU34110	rsbP
BSU34120	ganB
BSU34130	ganA
BSU34140	ganQ
BSU34150	ganP
BSU34160	cycB
BSU34170	ganR
BSU34180	yvfI
BSU34190	yvfH
BSU34200	sigL
BSU34210	yvfG
BSU34220	epsO
BSU34230	epsN
BSU34240	epsM
BSU34250	epsL
BSU34265	epsK
BSU34280	epsJ
BSU34290	epsI
BSU34300	epsH
BSU34310	epsG
BSU34320	epsF
BSU34330	epsE
BSU34340	epsD
BSU34350	epsC
BSU34360	epsB
BSU34370	epsA
BSU34380	slrR
BSU34390	pnbA
BSU34400	padC
BSU34410	yveG
BSU34420	yveF
BSU34430	racX
BSU34440	pbpE
BSU34450	sacB
BSU34460	levB
BSU34470	yveA
BSU34480	yvdT
BSU34490	yvdS
BSU34500	yvdR
BSU34510	yvdQ
BSU34520	yvdP
BSU34530	cotR
BSU_tRNA_81	trnQ-Arg
BSU34540	clpP
BSU34550	pgcM
BSU34560	malL
BSU34570	yvdK
BSU34580	yvdJ
BSU34590	mdxG
BSU34600	mdxF
BSU34610	mdxE
BSU34620	mdxD
BSU34630	mdxR
BSU34640	yvdD
BSU34650	yvdC
BSU34660	yvdB
BSU34670	yvdA
BSU34680	yvcT
BSU34690	yvcS
BSU34700	yvcR
BSU34710	yvcQ
BSU34720	yvcP
BSU34729	yvzJ
BSU34730	yvcN
BSU34740	crh
BSU34750	whiA
BSU34760	yvcK
BSU34770	yvcJ
BSU34780	yvcI
BSU34790	trxB
BSU34800	cwlO
BSU34810	yvcD
BSU34820	bmrA
BSU34830	yvzA
BSU34840	yvcB
BSU34850	yvcA
BSU34860	hisI
BSU34870	hisF
BSU34880	hisA
BSU34890	hisH
BSU34900	hisB
BSU34910	hisD
BSU34920	hisG
BSU34930	hisZ
BSU34940	yvpB
BSU34950	pelC
BSU34960	yvoF
BSU34970	hprP
BSU34980	yvoD
BSU34990	lgt
BSU35000	hprK
BSU35010	nagA
BSU35020	nagBA
BSU35030	yvoA
BSU35040	yvnB
BSU35050	yvnA
BSU35060	cypX
BSU35070	yvmC
BSU35080	yvmB
BSU35090	yvmA
BSU35100	yvlD
BSU35110	yvlC
BSU35120	yvlB
BSU35130	yvlA
BSU35140	yvkN
BSU35150	yvzB
BSU35160	uvrA
BSU35170	uvrB
BSU35180	csbA
BSU35190	yvkC
BSU35200	yvkB
BSU35210	yvkA
BSU35220	minJ
BSU35230	swrAA
BSU35239	swrAA
BSU35240	ctpB
BSU35250	ftsX
BSU35260	ftsE
BSU35270	cccB
BSU35280	yvjA
BSU35290	prfB
BSU35300	secA
BSU35310	yvyD
BSU35319	yvzG
BSU35320	fliT
BSU35330	fliS
BSU35340	fliD
BSU35350	yvyC
BSU35360	hag
BSU35370	csrA
BSU35380	yviF
BSU35390	yviE
BSU35400	flgL
BSU35410	flgK
BSU35420	yvyG
BSU35430	flgM
BSU35440	yvyF
BSU35450	comFC
BSU35460	comFB
BSU35470	comFA
BSU35480	yviA
BSU35490	degU
BSU35500	degS
BSU35510	yvyE
BSU35520	yvhJ
BSU35530	tagO
BSU35540	tuaH
BSU35550	tuaG
BSU35560	tuaF
BSU35570	tuaE
BSU35580	tuaD
BSU35590	tuaC
BSU35600	tuaB
BSU35609	tuaA
BSU35610	tuaA
BSU35620	lytC
BSU35630	lytB
BSU35640	lytA
BSU35650	lytR
BSU35660	mnaA
BSU35670	gtaB
BSU35679	yvzH
BSU35680	ggaB
BSU35690	ggaA
BSU35698	yvzI
BSU35699	yvzE
BSU35700	tagH
BSU35710	tagG
BSU35720	tagF
BSU35730	tagE
BSU35740	tagD
BSU35750	tagA
BSU35760	tagB
BSU35770	tagC
BSU35780	lytD
BSU35790	yvyI
BSU35800	gerBA
BSU35810	gerBB
BSU35820	gerBC
BSU35830	ywtG
BSU35840	ywtF
BSU35850	ywtE
BSU35860	pgdS
BSU35870	pgsE
BSU35880	pgsA
BSU35890	pgsC
BSU35900	pgsB
BSU35910	rbsR
BSU35920	rbsK
BSU35930	rbsD
BSU35940	rbsA
BSU35950	rbsC
BSU35960	rbsB
BSU35970	ywsB
BSU35980	ywsA
BSU35990	ywrO
BSU36000	alsD
BSU36010	alsS
BSU36020	alsR
BSU36030	ywrK
BSU36040	ywrJ
BSU36050	cotB
BSU36060	cotH
BSU36070	cotG
BSU36080	ywrF
BSU36090	ywrE
BSU36100	ywrD
BSU36110	ywrC
BSU36120	ywrB
BSU36130	ywrA
BSU36140	ywqO
BSU36150	ywqN
BSU36160	ywqM
BSU36170	ywqL
BSU36180	ywqK
BSU36190	ywqJ
BSU36200	ywqI
BSU36210	ywqH
BSU36220	ywqG
BSU36230	ywqF
BSU36240	ywqE
BSU36250	ptkA
BSU36260	ywqC
BSU36269	ywzD
BSU36270	ywqB
BSU36280	ywqA
BSU36290	ywpJ
BSU36300	glcR
BSU36310	ssbB
BSU36320	ywpG
BSU36330	ywpF
BSU36340	ywpE
BSU36350	ywpD
BSU36360	mscL
BSU36370	fabZ
BSU36380	rapD
BSU36390	flhP
BSU36400	flhO
BSU36410	mbl
BSU36420	spoIIID
BSU36430	usd
BSU36440	ywoH
BSU36450	ywoG
BSU36460	ywoF
BSU36470	pucI
BSU36480	ywoD
BSU36490	ywoC
BSU36500	ywoB
BSU36510	amtB
BSU36520	glnK
BSU36530	bcrC
BSU36540	ywnJ
BSU36550	spoIIQ
BSU36560	ywnH
BSU36570	ywnG
BSU36580	ywnF
BSU36590	clsA
BSU36600	mta
BSU36610	ywnC
BSU36620	ywnB
BSU36630	ywnA
BSU36640	ureC
BSU36650	ureB
BSU36660	ureA
BSU36668	ywzE
BSU36669	ywzF
BSU36670	csbD
BSU36680	ywmF
BSU36690	rapB
BSU36700	moaA
BSU36710	fdhD
BSU36720	ywmE
BSU36730	ywmD
BSU36740	ywmC
BSU36750	spoIID
BSU36760	murAA
BSU36770	ywmB
BSU36780	ywzB
BSU36790	ywmA
BSU36800	atpC
BSU36810	atpD
BSU36820	atpG
BSU36830	atpA
BSU36840	atpH
BSU36850	atpF
BSU36860	atpE
BSU36870	atpB
BSU36880	atpI
BSU36890	upp
BSU36900	glyA
BSU36910	ywlG
BSU36920	ywlF
BSU36930	ywlE
BSU36940	ywlD
BSU36950	ywlC
BSU36960	ywlB
BSU36970	spoIIR
BSU36980	ywlA
BSU36990	ywkF
BSU37000	prmC
BSU37010	prfA
BSU37020	ywkD
BSU37030	racA
BSU37040	ywkB
BSU37050	ywkA
BSU37060	tdk
BSU37070	rpmE
BSU37080	rho
BSU37090	glpX
BSU37100	murAB
BSU37110	ywjH
BSU37120	fbaA
BSU37130	spo0F
BSU37140	ywjG
BSU37150	pyrG
BSU37160	rpoE
BSU37170	acdA
BSU37180	fadF
BSU37190	clsB
BSU37200	uvsE
BSU37210	ywjC
BSU37220	ywjB
BSU37230	ywjA
BSU37240	ywiE
BSU37250	narI
BSU37260	narJ
BSU37270	narH
BSU37280	narG
BSU37290	arfM
BSU37300	ywiC
BSU37310	fnr
BSU37320	narK
BSU37330	argS
BSU37340	ywiB
BSU37350	sboA
BSU37360	sboX
BSU37370	albA
BSU37380	albB
BSU37390	albC
BSU37400	albD
BSU37410	albE
BSU37420	albF
BSU37430	albG
BSU37440	ywhL
BSU37450	ywhK
BSU37460	rapF
BSU37470	phrF
BSU37480	ywhH
BSU37490	speB
BSU37500	speE
BSU37510	pbpG
BSU37520	ywhD
BSU37530	ywhC
BSU37540	ywhB
BSU37550	ywhA
BSU37560	thrZ
BSU37570	mmr
BSU37580	ywgB
BSU37590	ywgA
BSU37600	ywfO
BSU37610	ywzC
BSU37620	rsfA
BSU37630	ywfM
BSU37640	ywfL
BSU37650	cysL
BSU37660	eutD
BSU37670	ywfI
BSU37680	ywfH
BSU37690	ywfG
BSU37700	bacE
BSU37710	bacD
BSU37720	bacC
BSU37730	bacB
BSU37740	bacA
BSU37750	ywfA
BSU37760	rocC
BSU37770	rocB
BSU37780	rocA
BSU37790	rocG
BSU37800	yweA
BSU37810	spsL
BSU37820	spsK
BSU37830	spsJ
BSU37840	spsI
BSU37850	spsG
BSU37860	spsF
BSU37870	spsE
BSU37880	spsD
BSU37890	spsC
BSU37900	spsB
BSU37910	spsA
BSU37920	ywdL
BSU37930	ywdK
BSU37940	ywdJ
BSU37950	ywdI
BSU37960	ywdH
BSU37970	ung
BSU37980	ywdF
BSU37990	ywdE
BSU38000	ywdD
BSU38018	ywzG
BSU38020	thiD
BSU38030	ywdA
BSU38040	sacA
BSU38050	sacP
BSU38060	ywcJ
BSU38070	sacT
BSU38080	ywcI
BSU38090	vpr
BSU38100	ywcH
BSU38110	nfrA
BSU38120	rodA
BSU38130	ywcE
BSU38140	qoxD
BSU38150	qoxC
BSU38160	qoxB
BSU38170	qoxA
BSU38180	ywzA
BSU38190	galT
BSU38200	galK
BSU38210	ywcD
BSU38220	ywcC
BSU38229	slrA
BSU38230	ywcB
BSU38240	ywcA
BSU38250	ywbO
BSU38260	efeN
BSU38270	efeM
BSU38280	efeU
BSU38290	thiE
BSU38300	thiM
BSU38310	ywbI
BSU38320	ywbH
BSU38330	lrgB
BSU38340	ywbF
BSU38350	ywbE
BSU38360	ywbD
BSU38370	ywbC
BSU38380	ywbB
BSU38390	ywbA
BSU38400	epr
BSU38410	sacX
BSU38420	sacY
BSU38430	gspA
BSU38440	ywaF
BSU38450	ywaE
BSU38460	tyrZ
BSU38470	ywaD
BSU38480	ywaC
BSU38490	menA
BSU38499	ywzH
BSU38500	dltA
BSU38510	dltB
BSU38520	dltC
BSU38530	dltD
BSU38540	dltE
BSU38550	ywaA
BSU38560	licH
BSU38570	licA
BSU38580	licC
BSU38590	licB
BSU38600	licR
BSU38610	yxzF
BSU38620	yxlJ
BSU38630	katX
BSU38640	yxlH
BSU38650	yxlG
BSU38660	yxlF
BSU38670	yxlE
BSU38680	yxlD
BSU38690	yxlC
BSU38700	sigY
BSU38710	yxlA
BSU38720	yxkO
BSU38730	cydD
BSU38740	cydC
BSU38750	cydB
BSU38760	cydA
BSU38770	cimH
BSU38780	yxkI
BSU38790	yxzE
BSU38800	yxkH
BSU38810	msmX
BSU38820	yxkF
BSU38830	aldY
BSU38840	yxkD
BSU38850	yxkC
BSU38860	galE
BSU38870	yxkA
BSU38880	yxjO
BSU38890	yxjN
BSU38900	yxjM
BSU38910	yxjL
BSU38920	pepT
BSU38930	yxjJ
BSU38940	yxjI
BSU38950	yxjH
BSU38960	yxjG
BSU38970	yxjF
BSU38980	scoB
BSU38990	scoA
BSU39000	yxjC
BSU39010	yxjB
BSU39020	yxjA
BSU39029	yxiT
BSU39030	yxiT
BSU39040	yxiS
BSU39050	katE
BSU39060	citH
BSU39070	bglS
BSU39080	licT
BSU39090	yxiP
BSU39100	yxiO
BSU39110	deaD
BSU39120	yxiM
BSU39129	yxzI
BSU39139	yxzJ
BSU39140	yxiK
BSU39150	yxiJ
BSU39160	yxiI
BSU39170	yxzG
BSU39180	yxiH
BSU39190	yxiG
BSU39200	yxzC
BSU39210	yxiF
BSU39220	yxxG
BSU39230	wapA
BSU39240	yxxF
BSU39250	yxiE
BSU39260	bglH
BSU39270	bglP
BSU39280	yxxE
BSU39290	yxxD
BSU39300	yxiD
BSU39310	yxiC
BSU39320	yxiB
BSU39330	abnB
BSU39339	yxzL
BSU39340	hutP
BSU39350	hutH
BSU39360	hutU
BSU39370	hutI
BSU39380	hutG
BSU39390	hutM
BSU39400	pdp
BSU39410	nupC
BSU39420	deoC
BSU39430	deoR
BSU39440	yxxB
BSU39450	yxeR
BSU39460	yxeQ
BSU39470	yxeP
BSU39480	yxeO
BSU39490	yxeN
BSU39500	yxeM
BSU39510	yxeL
BSU39520	yxeK
BSU39530	yxeJ
BSU39540	yxeI
BSU39550	yxeH
BSU39560	yxeG
BSU39570	yxeF
BSU39580	yxeE
BSU39590	yxeD
BSU39600	yxeC
BSU39610	yxeB
BSU39620	yxeA
BSU39630	yxdM
BSU39640	yxdL
BSU39650	yxdK
BSU39660	yxdJ
BSU39670	iolJ
BSU39680	iolI
BSU39690	iolH
BSU39700	iolG
BSU39710	iolF
BSU39720	iolE
BSU39730	iolD
BSU39740	iolC
BSU39750	iolB
BSU39760	mmsA
BSU39770	iolR
BSU39780	iolS
BSU39790	yxcE
BSU39800	yxcD
BSU39810	csbC
BSU39820	htpG
BSU39830	yxcA
BSU39840	yxbG
BSU39850	yxbF
BSU39860	aldX
BSU39870	yxbD
BSU39880	yxbC
BSU39890	yxbB
BSU39900	aslA
BSU39910	yxnB
BSU39920	asnH
BSU39930	yxaM
BSU39940	yxaL
BSU39950	yxaJ
BSU39960	yxaI
BSU39970	yxaH
BSU39980	qodI
BSU39990	yxaF
BSU40000	yxnA
BSU40010	yxaD
BSU40021	yxzK
BSU40022	yxaC
BSU40030	yxaB
BSU40040	glxK
BSU40050	gntR
BSU40060	gntK
BSU40070	gntP
BSU40080	gntZ
BSU40090	ahpC
BSU40100	ahpF
BSU40110	bglA
BSU40120	yyzE
BSU40130	yydK
BSU40139	yyzN
BSU40140	yydJ
BSU40150	yydI
BSU40160	yydH
BSU40170	yydG
BSU40180	yydF
BSU40190	fbp
BSU40200	yydD
BSU40210	yydC
BSU40220	yydB
BSU40230	yydA
BSU40239	yyzF
BSU40240	yycS
BSU40250	yycR
BSU40259	yyzG
BSU40260	yycQ
BSU40270	yycP
BSU40280	yycO
BSU40290	yycN
BSU40300	rapG
BSU40310	phrG
BSU40320	argI
BSU40330	rocE
BSU40340	rocD
BSU40350	rocR
BSU40359	yyzO
BSU40360	htrC
BSU40370	yycJ
BSU40380	yycI
BSU40390	walH
BSU40400	walK
BSU40410	walR
BSU_tRNA_1	trnY-Phe
BSU_tRNA_2	trnY-Asp
BSU_tRNA_3	trnY-Glu
BSU_tRNA_4	trnY-Lys
BSU40420	purA
BSU40430	yycE
BSU40440	dnaC
BSU40450	yycD
BSU40460	yyzB
BSU40470	yycC
BSU40480	yycB
BSU40490	yycA
BSU40500	rplI
BSU40510	yybT
BSU40520	yybS
BSU40529	yyzH
BSU40530	cotF
BSU40540	yybR
BSU40550	ppaC
BSU40560	yybP
BSU40570	yybO
BSU40573	yyzI
BSU40574	yyzJ
BSU40578	yyzK
BSU40579	yyzL
BSU40580	yybN
BSU40590	yybM
BSU40600	yybL
BSU40610	yybK
BSU40620	yybJ
BSU40630	yybI
BSU40640	yybH
BSU40650	yybG
BSU40660	yybF
BSU40670	yybE
BSU40680	yybD
BSU40690	yybC
BSU40700	yybB
BSU40710	yybA
BSU40720	yyaT
BSU40730	yyaS
BSU40740	yyaR
BSU40750	yyaQ
BSU40760	yyaP
BSU40770	tetB
BSU40790	yyaO
BSU40800	yyaN
BSU40810	yyaM
BSU40820	yyaL
BSU40830	yyaK
BSU40840	yyaJ
BSU40850	maa
BSU40860	yyaH
BSU40870	ccpB
BSU40880	exoAA
BSU40890	rpsR
BSU40900	ssbA
BSU40910	rpsF
BSU40920	yyaF
BSU40930	yyaE
BSU40939	yyzM
BSU40940	yyaD
BSU40950	yyaC
BSU40960	parB
BSU40970	parA
BSU40980	yyaB
BSU40990	noc
BSU41000	gidB
BSU41010	gidA
BSU41020	trmE
BSU41030	jag
BSU41040	spoIIIJ
BSU41050	rnpA
BSU41060	rpmH
